is_client_new;is_clientfinalta_active;y;type;region;source;was_closed_at_contact;tenure_days;day;month;campaign;age;credit_amount;credite_active;deposit_active;deposit_amount
0;1;0;ММБ; Краснодар;Онлайн;0;780.0;15;3;6;33;0;N;Y;0
0;0;0;ММБ; Химки;Онлайн;0;781.0;15;3;15;32;0;N;Y;0
0;1;0;ММБ; Калининград;Партнер;0;933.0;14;8;7;47;0;N;Y;0
0;1;0;ММБ; Краснодар;unknown;0;773.0;15;3;5;44;0;N;Y;0
0;1;0;ММБ; Тольятти;Партнер;0;834.0;15;5;3;36;0;N;Y;0
1;0;0;ММБ;" Москва Тер-рия ""Юг""";Онлайн;0;926.0;14;8;11;38;0;N;Y;600000
0;1;0;ММБ;Другое;unknown;0;801.0;11;4;10;45;0;N;Y;0
0;1;0;ММБ; Уфа;Партнер;0;927.0;16;8;8;54;0;N;Y;0
0;1;0;ММБ;" Санкт-Петербург Тер-рия ""Юг""";Онлайн;0;906.0;2;8;3;42;0;N;Y;0
0;1;0;ММБ; Барнаул;Партнер;0;910.0;2;8;8;32;0;N;Y;0
0;1;0;ММБ; Пермь;Партнер;0;883.0;6;7;3;49;0;N;Y;0
0;1;0;ММБ; Красногорск;Отделение;0;748.0;21;2;8;38;0;N;Y;0
0;1;0;ММБ;Другое;unknown;0;796.0;11;4;12;44;0;N;Y;0
0;1;0;ММБ; Барнаул;unknown;0;921.0;14;8;16;36;0;N;Y;0
0;1;0;ММБ; Балашиха;Отделение;0;893.0;18;7;9;36;0;N;Y;6000000
0;1;0;ММБ; Химки;Онлайн;0;808.0;25;4;4;40;0;N;Y;0
0;1;0;ММБ; Волгоград;Онлайн;0;743.0;13;2;5;37;0;N;Y;0
0;1;0;ММБ;Другое;unknown;0;1109.0;25;12;15;42;0;N;Y;0
0;0;0;ММБ; Мытищи;unknown;0;981.0;14;8;5;24;0;N;Y;0
0;1;0;ММБ; Балашиха;Онлайн;0;804.0;21;2;4;37;0;N;Y;0
0;0;0;ММБ; Оренбург;unknown;0;924.0;12;6;12;51;0;N;Y;0
0;1;0;ММБ;" Москва Тер-рия ""Юг""";Отделение;0;1005.0;11;9;7;46;0;N;Y;0
1;1;1;ММБ;" Москва Тер-рия ""Центр""";Онлайн;0;976.0;14;8;203;38;0;N;Y;0
1;0;0;ММБ;" Москва Тер-рия ""Север""";Партнер;0;347.0;14;8;3;48;0;N;Y;0
0;1;0;ММБ; Липецк;unknown;0;943.0;18;7;1;48;0;N;Y;0
0;0;0;ММБ;" Санкт-Петербург Тер-рия ""Север""";Отделение;0;844.0;11;4;9;48;0;N;Y;0
0;1;0;ММБ; Одинцово;Онлайн;0;977.0;23;8;4;47;0;N;Y;1000000
0;0;0;ММБ; Зеленоград;Онлайн;0;929.0;6;7;15;37;0;N;Y;0
0;1;0;ММБ; Новосибирск;unknown;0;973.0;23;8;13;37;513809.55;Y;N;0
0;1;0;ММБ;" Москва Тер-рия ""Север""";Онлайн;0;810.0;15;3;5;40;0;N;Y;0
0;1;0;ММБ;" Москва Тер-рия ""Север""";Онлайн;0;844.0;18;4;7;46;0;N;Y;0
0;1;0;ММБ; Мытищи;Онлайн;0;898.0;26;6;10;39;1451487.1;Y;Y;0
0;1;0;ММБ; Магнитогорск;Партнер;0;1020.0;12;10;8;41;0;N;Y;0
0;1;0;ММБ; Ростов-на-Дону;Онлайн;0;927.0;13;7;7;38;0;N;Y;0
0;1;0;ММБ;" Москва Тер-рия ""Юг""";Онлайн;0;601.0;23;10;9;36;0;N;Y;0
0;0;0;ММБ;" Москва Тер-рия ""Юг""";Отделение;0;796.0;15;3;14;54;0;N;Y;0
1;1;1;ММБ; Санкт-Петербург;Онлайн;0;825.0;18;4;245;50;0;N;Y;0
1;1;0;ММБ;Другое;Онлайн;0;945.0;23;8;14;40;0;N;Y;0
0;1;0;ММБ;" Москва Тер-рия ""Запад""";Онлайн;0;891.0;26;6;6;62;0;N;Y;0
0;0;0;ММБ; Ангарск;unknown;0;914.0;24;7;6;37;0;N;Y;0
0;1;0;ММБ;Другое;Партнер;0;816.0;18;4;3;44;0;N;Y;0
0;1;0;ММБ; Тверь;Онлайн;0;752.0;13;2;6;56;0;N;Y;0
0;1;0;ММБ; Челябинск;Онлайн;0;942.0;23;8;3;52;0;N;Y;0
0;0;0;ММБ;" Москва Тер-рия ""Юг""";Онлайн;0;730.0;23;1;5;29;0;N;Y;0
0;0;0;ММБ; Тюмень;Онлайн;0;719.0;15;3;5;34;0;N;Y;0
1;0;1;ММБ; Нижний Новгород;Онлайн;0;768.0;25;4;144;43;0;N;Y;0
0;1;0;ММБ;" Москва Тер-рия ""Север""";unknown;0;850.0;18;7;9;32;0;N;Y;0
0;1;0;ММБ; Казань;Онлайн;0;908.0;11;9;5;39;0;N;Y;0
0;1;1;ММБ;" Санкт-Петербург Тер-рия ""Север""";Отделение;0;879.0;16;8;312;44;0;N;Y;0
0;1;0;ММБ; Омск;Партнер;0;727.0;15;3;7;38;0;N;Y;0
0;1;0;ММБ;" Москва Тер-рия ""Запад""";Онлайн;0;904.0;21;8;14;32;0;N;Y;0
1;1;0;ММБ;" Москва Тер-рия ""Север""";Онлайн;0;668.0;18;7;9;42;0;N;Y;0
1;1;0;ММБ; Калининград;Партнер;0;711.0;3;3;10;36;0;N;Y;13000000
0;0;0;ММБ; Ставрополь;unknown;0;699.0;21;2;11;54;0;N;Y;0
0;1;0;ММБ; Рязань;Онлайн;0;771.0;15;5;8;36;0;N;Y;0
0;0;0;ММБ;" Москва Тер-рия ""Запад""";Онлайн;0;778.0;15;5;2;54;0;N;Y;0
0;1;0;ММБ; Нижний Тагил;Партнер;0;940.0;23;10;215;38;0;N;Y;0
0;1;0;ММБ; Ижевск;Отделение;0;918.0;14;8;1;44;0;N;Y;0
1;1;0;ММБ;" Санкт-Петербург Тер-рия ""Север""";unknown;0;767.0;11;4;5;33;0;N;Y;0
0;1;0;ММБ; Самара;Онлайн;0;731.0;15;3;7;33;0;N;Y;0
0;1;1;ММБ;" Москва Тер-рия ""Юг""";Онлайн;0;923.0;23;8;95;40;0;N;Y;0
0;1;0;ММБ;Другое;Онлайн;0;787.0;29;3;12;38;0;N;Y;0
0;1;0;ММБ;" Москва Тер-рия ""Север""";Онлайн;0;856.0;14;8;1;42;0;N;Y;0
0;1;1;ММБ; Новосибирск;Онлайн;0;748.0;3;3;154;27;0;N;Y;0
0;1;0;ММБ; Уфа;Онлайн;0;880.0;13;7;12;31;430555.55;Y;Y;0
0;0;0;ММБ; Екатеринбург;Онлайн;0;741.0;15;3;5;46;0;N;Y;0
0;1;0;ММБ; Краснодар;unknown;0;813.0;22;5;11;37;0;N;Y;0
0;1;0;ММБ;" Москва Тер-рия ""Восток""";Онлайн;0;969.0;11;10;13;30;0;N;Y;0
0;1;0;ММБ; Ростов-на-Дону;Онлайн;0;908.0;14;8;7;30;0;N;Y;0
1;1;0;ММБ; Санкт-Петербург;Онлайн;0;915.0;11;9;12;43;0;N;Y;0
0;1;0;ММБ; Воронеж;Партнер;0;971.0;18;10;7;36;0;N;Y;0
0;1;0;ММБ; Омск;unknown;0;733.0;27;2;13;52;0;N;Y;0
0;1;0;ММБ; Иркутск;Онлайн;0;894.0;14;8;21;47;0;N;Y;0
1;0;0;ММБ; Самара;Онлайн;0;849.0;26;6;3;31;0;N;Y;0
0;1;0;ММБ; Ставрополь;unknown;0;742.0;15;3;12;43;0;N;Y;0
0;1;0;ММБ; Екатеринбург;Онлайн;0;747.0;11;4;14;40;0;N;N;0
0;1;0;ММБ;" Москва Тер-рия ""Восток""";Партнер;0;861.0;12;7;17;36;0;N;Y;0
0;1;0;ММБ; Краснодар;unknown;0;845.0;23;6;8;52;0;N;Y;0
0;1;0;ММБ; Самара;Онлайн;0;751.0;31;3;4;58;0;N;Y;0
0;1;0;ММБ;" Москва Тер-рия ""Юг""";Онлайн;0;704.0;21;2;9;38;0;N;Y;0
0;1;0;ММБ; Екатеринбург;Отделение;0;870.0;18;7;13;40;0;N;Y;0
0;1;0;ММБ;" Москва Тер-рия ""Восток""";Отделение;0;678.0;3;3;8;58;0;N;Y;0
0;1;0;ММБ; Тольятти;Онлайн;0;786.0;25;4;1;60;0;N;Y;150000
0;0;0;ММБ; Набережные Челны;Онлайн;0;870.0;18;7;7;35;0;N;Y;0
0;1;0;ММБ; Набережные Челны;Онлайн;0;694.0;23;1;5;32;0;N;Y;0
0;1;0;ММБ; Краснодар;unknown;0;786.0;6;5;4;46;390926.4;Y;N;0
0;1;0;ММБ; Новосибирск;Онлайн;0;734.0;15;3;23;36;0;N;Y;0
0;1;0;ММБ;" Москва Тер-рия ""Запад""";Онлайн;0;646.0;23;1;7;39;0;N;Y;0
0;1;0;ММБ; Санкт-Петербург;Онлайн;0;759.0;18;4;353;34;0;N;Y;0
0;1;0;ММБ;Другое;Онлайн;0;758.0;11;4;3;33;0;N;Y;0
0;1;0;ММБ; Мытищи;unknown;0;793.0;15;5;5;51;0;N;Y;0
0;1;0;ММБ; Тольятти;Онлайн;0;741.0;11;4;17;35;0;N;Y;0
1;1;0;ММБ; Тверь;Онлайн;0;877.0;14;8;6;50;0;N;Y;0
0;1;0;ММБ; Челябинск;unknown;0;877.0;14;8;10;35;0;N;Y;0
0;1;0;ММБ; Сочи;Партнер;0;796.0;22;5;6;54;0;N;Y;0
0;1;0;ММБ;" Санкт-Петербург Тер-рия ""Север""";unknown;0;772.0;11;4;20;35;0;N;Y;0
0;1;1;ММБ; Санкт-Петербург;Партнер;0;866.0;14;8;22;27;0;N;Y;0
0;0;0;ММБ; Санкт-Петербург;Онлайн;0;787.0;26;6;7;39;0;N;Y;350000
0;1;0;ММБ; Калининград;Онлайн;0;698.0;29;3;5;37;0;N;Y;0
0;1;0;ММБ; Красногорск;Онлайн;0;673.0;3;3;14;39;0;N;Y;0
0;0;0;ММБ;Другое;unknown;0;782.0;26;6;7;41;0;N;Y;0
0;1;0;ММБ; Кемерово;unknown;0;805.0;23;8;11;52;0;N;Y;0
0;1;0;ММБ; Уфа;Онлайн;0;839.0;23;8;12;38;0;N;Y;0
0;0;0;ММБ;" Москва Тер-рия ""Восток""";unknown;0;852.0;30;8;17;36;0;N;Y;0
0;1;0;ММБ; Самара;Онлайн;0;855.0;9;9;5;33;0;N;Y;0
0;0;0;ММБ;" Москва Тер-рия ""Запад""";unknown;0;791.0;12;7;6;24;0;N;Y;0
0;1;0;ММБ; Новосибирск;Партнер;0;787.0;26;6;5;25;0;N;Y;0
0;1;0;ММБ;" Москва Тер-рия ""Север""";unknown;0;684.0;15;3;8;42;0;N;Y;0
0;1;0;ММБ;" Москва Тер-рия ""Восток""";Онлайн;0;810.0;2;8;20;38;0;N;Y;0
0;1;0;ММБ;" Москва Тер-рия ""Восток""";Онлайн;0;696.0;18;4;6;36;0;N;Y;0
0;1;0;ММБ; Воронеж;Онлайн;0;668.0;15;3;21;31;0;N;Y;0
0;1;0;ММБ; Самара;Онлайн;0;656.0;6;3;10;26;0;N;Y;0
0;1;0;ММБ; Ижевск;unknown;0;782.0;18;7;4;34;0;N;Y;0
0;1;0;ММБ; Химки;Онлайн;0;773.0;12;6;10;47;0;N;Y;0
0;1;0;ММБ;" Москва Тер-рия ""Север""";Онлайн;0;724.0;22;5;8;44;0;N;Y;0
0;1;0;ММБ; Ростов-на-Дону;Партнер;0;665.0;15;3;20;37;0;N;Y;0
0;1;0;ММБ; Липецк;Онлайн;0;641.0;21;2;17;30;0;N;Y;0
0;1;0;ММБ; Санкт-Петербург;Отделение;0;743.0;11;4;24;38;0;N;Y;0
1;0;0;ММБ;" Москва Тер-рия ""Запад""";unknown;0;833.0;12;7;8;33;0;N;Y;0
0;1;0;СКБ; Омск;Партнер;0;706.0;3;3;1;31;0;N;Y;0
0;1;0;ММБ; Санкт-Петербург;Онлайн;0;731.0;29;3;4;32;0;N;Y;0
0;1;0;ММБ; Ульяновск;unknown;0;691.0;21;2;6;34;0;N;Y;0
0;1;0;ММБ;" Москва Тер-рия ""Север""";Отделение;0;741.0;11;4;7;54;0;N;Y;0
0;1;1;ММБ;" Москва Тер-рия ""Юг""";unknown;0;712.0;15;3;175;43;0;N;Y;8000000
0;1;0;ММБ;" Москва Тер-рия ""Запад""";Онлайн;0;873.0;30;8;4;37;0;N;Y;0
0;1;0;ММБ;" Санкт-Петербург Тер-рия ""Север""";unknown;0;701.0;6;3;9;56;0;N;Y;0
0;1;0;ММБ; Барнаул;unknown;0;666.0;30;1;10;32;0;N;Y;10000000
1;1;0;ММБ;" Москва Тер-рия ""Запад""";Онлайн;0;727.0;4;4;4;43;0;N;Y;0
0;1;0;ММБ; Сочи;unknown;0;695.0;3;3;10;121;0;N;Y;0
0;1;0;ММБ; Мытищи;Партнер;0;817.0;26;6;9;44;0;N;Y;0
0;1;0;ММБ;" Москва Тер-рия ""Север""";Отделение;0;857.0;14;8;4;30;0;N;Y;0
0;1;0;ММБ; Казань;Онлайн;0;875.0;15;11;7;32;0;N;Y;0
0;1;0;ММБ; Тюмень;unknown;0;627.0;14;8;5;43;0;N;Y;0
0;1;0;ММБ;" Москва Тер-рия ""Восток""";Онлайн;0;572.0;23;1;3;54;0;N;Y;0
0;1;0;ММБ; Пермь;Онлайн;0;704.0;15;3;4;31;0;N;Y;0
0;1;0;ММБ; Красногорск;Онлайн;0;741.0;11;4;28;33;0;N;Y;0
0;0;0;ММБ; Нижний Новгород;Онлайн;0;704.0;15;3;9;60;0;N;Y;0
0;1;0;ММБ; Тольятти;unknown;0;782.0;22;5;4;56;0;N;Y;0
0;1;0;ММБ; Владивосток;Отделение;0;852.0;14;8;9;46;0;N;Y;0
0;1;0;ММБ;" Москва Тер-рия ""Восток""";unknown;0;857.0;16;8;5;47;368481.3;Y;Y;0
1;1;0;ММБ;Другое;Отделение;0;699.0;15;3;9;42;0;N;Y;0
0;1;0;ММБ;" Москва Тер-рия ""Север""";Онлайн;0;842.0;14;8;17;39;0;N;Y;0
0;1;0;ММБ;" Москва Тер-рия ""Восток""";Онлайн;0;725.0;11;4;3;40;0;N;Y;0
0;0;0;ММБ;" Москва Тер-рия ""Запад""";Онлайн;0;723.0;11;4;6;48;0;N;Y;0
0;1;0;ММБ; Сочи;Онлайн;0;767.0;29;5;7;34;0;N;Y;0
0;1;0;ММБ; Уфа;Партнер;0;698.0;15;3;10;35;0;N;Y;0
0;1;0;ММБ; Волгоград;Онлайн;0;684.0;6;3;8;35;0;N;Y;0
0;0;1;ММБ; Санкт-Петербург;unknown;0;723.0;11;4;154;31;267333.63;Y;N;0
0;1;0;ММБ;Другое;Другое;0;837.0;14;8;9;32;0;N;Y;0
0;0;0;ММБ; Казань;Онлайн;0;670.0;27;2;6;32;0;N;Y;0
0;1;0;ММБ; Новосибирск;Онлайн;0;818.0;18;7;13;44;0;N;Y;0
0;1;0;ММБ; Ижевск;Онлайн;0;692.0;15;3;11;31;0;N;Y;0
0;1;0;ММБ; Воронеж;unknown;0;967.0;18;12;12;33;0;N;Y;0
0;0;0;ММБ; Санкт-Петербург;unknown;0;719.0;11;4;2;56;0;N;Y;0
1;1;0;ММБ; Уфа;Онлайн;0;692.0;15;3;4;38;0;N;Y;0
0;0;0;ММБ; Воронеж;Онлайн;0;814.0;18;7;3;28;0;N;Y;0
0;1;0;ММБ;" Москва Тер-рия ""Север""";unknown;0;843.0;14;8;4;31;0;N;Y;0
0;1;0;ММБ; Санкт-Петербург;Партнер;0;792.0;26;6;16;34;0;N;Y;0
0;1;0;ММБ; Красногорск;Онлайн;0;782.0;21;8;2;54;0;N;Y;0
0;0;0;ММБ;" Москва Тер-рия ""Восток""";Онлайн;0;686.0;15;3;2;49;0;N;Y;0
0;0;1;ММБ;" Москва Тер-рия ""Восток""";unknown;0;773.0;21;8;150;44;0;N;Y;0
0;1;0;ММБ; Набережные Челны;unknown;0;751.0;18;7;5;55;0;N;Y;0
0;0;0;ММБ;" Санкт-Петербург Тер-рия ""Юг""";Партнер;0;666.0;25;4;11;43;1451388.84;Y;Y;0
0;1;0;ММБ; Новосибирск;unknown;0;742.0;12;7;154;32;0;N;Y;0
0;1;0;ММБ; Саранск;unknown;0;622.0;15;3;9;36;0;N;Y;0
0;0;0;ММБ; Кемерово;unknown;0;775.0;14;8;17;29;0;N;Y;0
0;1;0;ММБ; Чебоксары;Партнер;0;531.0;15;3;15;47;0;N;Y;0
0;1;0;ММБ;" Москва Тер-рия ""Запад""";unknown;0;333.0;30;8;7;34;0;N;Y;0
0;1;0;ММБ; Нижний Новгород;Онлайн;0;775.0;14;8;12;30;0;N;Y;0
0;1;0;ММБ; Чебоксары;unknown;0;793.0;9;9;13;35;0;N;Y;0
0;0;0;ММБ;" Москва Тер-рия ""Юг""";Партнер;0;707.0;23;6;4;31;0;N;Y;0
1;1;0;ММБ; Краснодар;Выездной канал;0;868.0;22;11;2;34;1560000;Y;Y;0
0;1;0;ММБ;" Москва Тер-рия ""Восток""";Онлайн;0;557.0;17;1;1;121;0;N;Y;0
0;1;0;ММБ; Краснодар;Онлайн;0;887.0;13;12;36;50;0;N;Y;0
0;1;0;ММБ; Уфа;unknown;0;657.0;18;4;9;49;0;N;Y;0
0;1;0;ММБ; Челябинск;Онлайн;0;789.0;11;9;14;47;0;N;Y;0
0;1;0;ММБ; Липецк;Партнер;0;623.0;15;3;14;36;0;N;Y;0
0;1;1;ММБ; Иркутск;unknown;0;908.0;15;11;35;34;0;N;Y;0
0;1;0;ММБ; Рязань;unknown;0;209.0;18;7;5;39;0;N;Y;0
0;1;0;ММБ; Тольятти;unknown;0;656.0;15;3;29;36;0;N;Y;0
1;0;0;ММБ; Ижевск;Партнер;0;782.0;18;7;2;42;0;N;Y;0
1;0;0;ММБ; Хабаровск;unknown;0;807.0;14;8;9;36;0;N;Y;0
0;1;0;ММБ;" Москва Тер-рия ""Север""";Онлайн;0;759.0;14;8;4;30;0;N;Y;0
0;1;0;ММБ; Ростов-на-Дону;Онлайн;0;807.0;14;8;10;47;0;N;Y;0
0;0;0;ММБ; Омск;unknown;0;644.0;3;3;3;61;0;N;Y;0
0;1;0;ММБ; Новосибирск;Онлайн;0;625.0;3;3;9;42;0;N;Y;0
1;0;0;ММБ; Волгоград;Партнер;0;654.0;15;3;26;33;0;N;Y;0
0;1;0;ММБ; Краснодар;Онлайн;0;743.0;12;6;4;54;0;N;Y;0
0;0;0;ММБ; Белгород;unknown;0;655.0;15;3;20;34;0;N;Y;0
0;1;0;ММБ;Другое;unknown;0;651.0;15;3;12;39;0;N;Y;0
0;1;0;ММБ;" Москва Тер-рия ""Юг""";unknown;0;815.0;23;8;4;33;0;N;Y;0
0;1;0;ММБ;" Санкт-Петербург Тер-рия ""Юг""";unknown;0;815.0;23;8;13;37;0;N;Y;0
0;1;0;ММБ; Санкт-Петербург;Онлайн;0;620.0;13;2;1;43;0;N;Y;0
0;1;0;ММБ; Самара;Выездной канал;0;684.0;18;4;3;42;0;N;Y;0
0;1;0;ММБ; Сочи;Партнер;0;671.0;11;4;3;39;0;N;Y;0
0;1;0;ММБ;Другое;Партнер;0;805.0;14;8;2;55;0;N;Y;0
0;1;0;ММБ; Мурманск;Партнер;0;756.0;26;6;14;56;0;N;Y;0
0;1;0;ММБ; Оренбург;Партнер;0;778.0;18;7;4;61;0;N;Y;0
0;1;0;ММБ; Иркутск;unknown;0;805.0;14;8;2;41;0;N;Y;0
0;1;0;СКБ;Другое;unknown;0;661.0;28;3;6;60;0;N;Y;0
0;1;0;ММБ; Калининград;unknown;0;647.0;15;3;11;34;0;N;Y;0
0;1;0;ММБ;" Москва Тер-рия ""Восток""";Онлайн;0;596.0;23;1;12;61;0;N;Y;0
0;0;1;ММБ;" Москва Тер-рия ""Запад""";Онлайн;0;680.0;11;4;63;48;0;N;Y;0
0;1;0;ММБ; Ростов-на-Дону;unknown;0;805.0;14;8;15;45;7661.19;Y;N;0
0;1;0;ММБ;" Санкт-Петербург Тер-рия ""Север""";unknown;0;805.0;14;8;14;41;0;N;Y;0
0;0;0;ММБ; Санкт-Петербург;Онлайн;0;662.0;11;4;1;43;0;N;Y;0
0;1;0;ММБ; Тольятти;Онлайн;0;653.0;15;3;10;31;0;N;Y;0
1;0;0;ММБ; Ставрополь;Партнер;0;795.0;21;8;7;37;0;N;Y;0
0;1;0;ММБ;" Москва Тер-рия ""Восток""";Партнер;0;789.0;14;8;10;33;0;N;Y;0
1;0;0;ММБ; Ставрополь;unknown;0;676.0;25;4;35;46;0;N;Y;0
0;1;0;ММБ;" Москва Тер-рия ""Центр""";unknown;0;651.0;31;3;5;50;0;N;Y;0
0;1;0;ММБ; Тольятти;unknown;0;687.0;18;4;220;45;0;N;Y;0
0;1;0;ММБ;" Москва Тер-рия ""Восток""";unknown;0;691.0;15;5;7;49;0;N;Y;0
1;1;0;ММБ;" Москва Тер-рия ""Восток""";Партнер;0;622.0;3;3;2;63;0;N;Y;0
0;1;0;ММБ; Кемерово;unknown;0;634.0;15;3;10;37;0;N;Y;0
0;1;0;ММБ;" Москва Тер-рия ""Юг""";unknown;0;785.0;14;8;1;38;0;N;Y;0
1;1;0;ММБ;" Санкт-Петербург Тер-рия ""Юг""";Партнер;0;794.0;23;8;6;40;0;N;Y;0
1;0;0;ММБ; Калуга;Онлайн;0;757.0;18;7;3;41;0;N;Y;0
0;0;1;ММБ; Ростов-на-Дону;unknown;0;667.0;18;4;138;51;0;N;Y;0
0;1;0;ММБ; Санкт-Петербург;Партнер;0;698.0;22;5;2;52;0;N;Y;0
0;1;0;ММБ;" Москва Тер-рия ""Юг""";unknown;0;588.0;1;2;10;55;0;N;Y;0
0;1;0;ММБ; Мурманск;unknown;0;875.0;15;11;24;43;0;N;Y;0
0;1;0;ММБ; Хабаровск;Партнер;0;577.0;23;1;2;35;0;N;Y;0
1;0;1;ММБ; Красноярск;unknown;0;780.0;14;8;114;41;0;N;Y;0
0;0;1;ММБ; Нижний Тагил;unknown;0;781.0;14;8;182;47;0;N;Y;0
0;1;0;ММБ;" Москва Тер-рия ""Запад""";Партнер;0;661.0;15;5;9;30;0;N;Y;0
0;1;0;ММБ; Оренбург;unknown;0;622.0;14;8;5;37;0;N;Y;0
0;1;0;ММБ; Новосибирск;unknown;0;615.0;3;3;4;47;0;N;Y;0
0;1;0;ММБ; Екатеринбург;unknown;0;615.0;3;3;5;30;0;N;Y;0
1;1;1;ММБ; Мурманск;Партнер;0;812.0;15;11;624;40;0;N;Y;0
0;1;0;ММБ; Калуга;Онлайн;0;718.0;14;8;4;51;0;N;Y;0
0;1;0;ММБ; Санкт-Петербург;Онлайн;0;717.0;14;8;5;26;0;N;Y;0
0;0;0;ММБ; Санкт-Петербург;unknown;0;565.0;15;3;11;38;0;N;Y;0
0;1;0;ММБ; Самара;Онлайн;0;578.0;25;4;8;29;0;N;Y;0
0;1;0;ММБ; Ставрополь;unknown;0;597.0;18;4;3;42;0;N;Y;0
0;1;0;ММБ; Тольятти;unknown;0;511.0;15;3;27;39;972222.22;Y;Y;0
0;0;0;ММБ; Оренбург;Онлайн;0;540.0;21;2;5;35;0;N;Y;0
0;1;0;ММБ; Красноярск;Онлайн;0;722.0;23;8;6;42;0;N;Y;0
0;1;0;ММБ; Ижевск;Онлайн;0;663.0;26;6;10;49;0;N;Y;0
0;1;0;ММБ;" Москва Тер-рия ""Восток""";Партнер;0;493.0;16;1;1;45;0;N;Y;0
0;1;1;ММБ; Омск;unknown;0;533.0;13;2;70;40;276675.27;Y;Y;0
0;1;1;ММБ; Нижний Новгород;unknown;0;715.0;14;8;117;61;0;N;Y;0
0;1;0;ММБ; Нижний Тагил;unknown;0;588.0;11;4;9;29;0;N;Y;0
0;1;0;ММБ; Санкт-Петербург;Онлайн;0;585.0;11;4;8;24;0;N;Y;0
0;1;0;ММБ; Нижний Новгород;Онлайн;0;595.0;18;4;3;52;0;N;Y;0
0;1;0;ММБ;" Москва Тер-рия ""Запад""";Онлайн;0;566.0;11;4;9;26;0;N;Y;0
0;1;0;ММБ; Челябинск;Онлайн;0;746.0;20;9;5;34;0;N;Y;0
0;1;0;ММБ; Краснодар;Онлайн;0;595.0;18;4;5;56;0;N;Y;0
0;1;0;ММБ; Ярославль;unknown;0;736.0;11;9;8;50;0;N;Y;0
0;1;0;ММБ;" Москва Тер-рия ""Юг""";unknown;0;760.0;14;8;9;40;0;N;Y;0
0;1;0;ММБ; Омск;unknown;0;712.0;26;6;7;37;0;N;Y;0
0;0;0;ММБ; Красноярск;unknown;0;754.0;24;7;115;43;0;N;Y;0
0;1;0;ММБ; Пенза;unknown;0;607.0;15;3;21;31;0;N;Y;0
0;1;0;ММБ; Санкт-Петербург;Онлайн;0;896.0;13;12;8;36;0;N;Y;0
0;1;0;ММБ;" Москва Тер-рия ""Восток""";unknown;0;623.0;15;3;14;34;0;N;Y;0
0;1;0;ММБ; Белгород;unknown;0;684.0;15;5;14;59;0;N;Y;0
0;1;0;ММБ; Калуга;Выездной канал;0;628.0;11;4;1;38;0;N;Y;0
0;1;0;ММБ; Пенза;Онлайн;0;859.0;29;11;21;38;0;N;Y;0
0;0;0;ММБ; Набережные Челны;Онлайн;0;821.0;23;10;15;63;0;N;Y;0
0;1;0;ММБ;" Москва Тер-рия ""Запад""";Онлайн;0;551.0;1;2;11;54;0;N;Y;0
0;1;1;ММБ; Красноярск;Партнер;0;621.0;11;4;198;31;0;N;Y;0
0;1;0;ММБ; Кемерово;unknown;0;838.0;15;11;4;56;0;N;Y;0
0;0;0;ММБ; Ростов-на-Дону;unknown;0;594.0;15;3;6;55;0;N;Y;0
0;1;0;ММБ; Барнаул;Партнер;0;621.0;11;4;8;40;0;N;Y;0
0;1;0;ММБ;" Москва Тер-рия ""Восток""";Онлайн;0;594.0;15;3;8;40;0;N;Y;0
0;1;0;ММБ; Санкт-Петербург;unknown;0;652.0;15;5;6;36;199942.64;Y;N;0
0;1;0;ММБ; Чебоксары;Онлайн;0;626.0;18;4;17;31;0;N;Y;0
0;1;0;ММБ; Балашиха;Онлайн;0;618.0;11;4;5;41;0;N;Y;587000
0;1;1;ММБ;" Москва Тер-рия ""Запад""";Партнер;0;606.0;4;4;165;52;0;N;N;0
0;0;1;ММБ; Туапсе;unknown;0;675.0;12;6;324;31;0;N;Y;0
1;0;0;ММБ; Ставрополь;Партнер;0;707.0;13;7;12;35;0;N;Y;0
0;1;0;ММБ; Пенза;unknown;0;612.0;11;4;4;46;0;N;Y;0
0;1;0;ММБ;Другое;unknown;0;660.0;22;5;2;27;0;N;Y;0
1;0;0;ММБ; Рязань;unknown;0;612.0;11;4;2;53;0;N;Y;0
0;1;0;ММБ; Санкт-Петербург;unknown;0;619.0;11;4;13;37;0;N;Y;0
0;1;0;ММБ; Пермь;unknown;0;718.0;19;7;12;36;0;N;Y;0
0;1;0;ММБ; Оренбург;unknown;0;611.0;18;4;7;32;0;N;Y;0
0;1;0;ММБ;Другое;unknown;0;619.0;11;4;10;35;0;N;Y;0
0;1;0;ММБ; Санкт-Петербург;unknown;0;757.0;11;9;14;56;0;N;Y;0
0;1;0;ММБ;" Москва Тер-рия ""Восток""";Партнер;0;729.0;14;8;7;44;0;N;Y;0
0;1;0;ММБ; Ростов-на-Дону;unknown;0;546.0;13;2;20;37;0;N;Y;0
0;1;0;ММБ; Кемерово;Онлайн;0;648.0;29;5;14;39;0;N;Y;0
0;1;0;ММБ; Краснодар;unknown;0;561.0;3;3;14;36;0;N;Y;0
0;1;0;ММБ; Челябинск;Онлайн;0;592.0;15;3;10;37;0;N;Y;0
0;1;0;ММБ; Ставрополь;Онлайн;0;729.0;21;8;5;33;0;N;Y;0
1;1;0;ММБ; Новосибирск;Другое;0;731.0;21;8;119;43;0;N;Y;0
0;1;0;ММБ;" Москва Тер-рия ""Запад""";Онлайн;0;571.0;15;3;4;37;0;N;Y;0
0;1;0;ММБ; Нижний Новгород;Онлайн;0;645.0;29;5;5;44;0;N;Y;0
0;1;0;ММБ; Мытищи;Онлайн;0;719.0;14;8;10;28;0;N;Y;0
0;1;0;ММБ; Краснодар;unknown;0;734.0;4;10;18;31;0;N;Y;0
1;0;0;ММБ; Домодедово;unknown;0;690.0;15;11;1;65;0;N;N;0
1;0;0;ММБ; Новосибирск;Партнер;0;776.0;29;11;4;44;0;N;Y;0
0;1;0;ММБ; Сочи;unknown;0;635.0;18;7;10;32;0;N;Y;0
0;1;0;ММБ; Краснодар;unknown;0;511.0;15;3;19;41;0;N;Y;0
0;1;0;ММБ; Санкт-Петербург;unknown;0;558.0;11;4;3;39;0;N;Y;0
0;1;0;ММБ; Оренбург;unknown;0;683.0;14;8;8;38;0;N;Y;0
0;1;0;ММБ; Уфа;unknown;0;542.0;11;4;2;26;0;N;Y;0
0;1;0;ММБ; Саранск;Выездной канал;0;515.0;15;3;2;31;0;N;Y;0
0;0;0;ММБ; Нижний Новгород;unknown;0;527.0;31;3;10;35;0;N;Y;0
0;1;0;ММБ;" Москва Тер-рия ""Запад""";unknown;0;498.0;27;2;4;38;0;N;Y;0
0;1;0;ММБ;" Санкт-Петербург Тер-рия ""Юг""";unknown;0;514.0;15;3;8;39;0;N;Y;0
0;1;0;ММБ; Омск;Онлайн;0;660.0;14;8;7;33;0;N;Y;0
0;0;0;ММБ; Челябинск;unknown;0;509.0;15;3;3;33;0;N;Y;0
0;1;0;ММБ;" Москва Тер-рия ""Восток""";unknown;0;633.0;18;7;11;35;0;N;Y;0
0;1;1;ММБ; Калуга;Партнер;0;509.0;15;3;261;44;0;N;Y;0
0;0;1;ММБ; Санкт-Петербург;unknown;0;731.0;23;10;35;33;0;N;Y;0
0;1;0;ММБ; Санкт-Петербург;Партнер;0;698.0;20;9;8;53;0;N;Y;0
0;1;0;ММБ; Краснодар;unknown;0;627.0;12;7;22;44;0;N;Y;0
0;1;0;ММБ; Санкт-Петербург;unknown;0;508.0;15;3;5;51;0;N;Y;0
0;1;0;ММБ; Тюмень;unknown;0;717.0;11;10;5;46;0;N;Y;0
0;1;0;ММБ;Другое;unknown;0;575.0;22;5;16;55;0;N;Y;0
0;1;0;ММБ; Омск;unknown;0;684.0;11;9;11;41;0;N;Y;0
0;1;0;ММБ; Санкт-Петербург;unknown;0;610.0;26;6;2;51;0;N;Y;0
1;1;0;ММБ; Сочи;Онлайн;0;655.0;14;8;2;49;0;N;Y;0
0;0;0;ММБ;" Москва Тер-рия ""Запад""";unknown;0;622.0;15;5;2;46;0;N;Y;0
0;1;0;ММБ; Барнаул;unknown;0;713.0;14;8;15;59;0;N;Y;0
0;1;0;ММБ; Екатеринбург;unknown;0;561.0;15;3;7;54;0;N;Y;0
0;1;0;ММБ;" Москва Тер-рия ""Центр""";Онлайн;0;553.0;15;3;5;38;0;N;Y;0
0;1;0;ММБ;" Москва Тер-рия ""Восток""";Онлайн;0;627.0;12;6;5;32;0;N;Y;0
0;0;0;ММБ; Набережные Челны;Онлайн;0;676.0;18;7;12;32;0;N;Y;0
0;1;0;ММБ; Краснодар;unknown;0;686.0;18;7;11;46;0;N;Y;0
0;1;0;ММБ; Красноярск;Онлайн;0;573.0;11;4;3;37;0;N;Y;0
0;0;0;ММБ; Пермь;unknown;0;584.0;18;4;3;48;0;N;Y;0
0;1;0;ММБ; Краснодар;Партнер;0;549.0;15;3;7;24;0;N;Y;0
0;1;0;ММБ; Рязань;unknown;0;713.0;14;8;2;35;0;N;Y;0
0;1;0;ММБ; Оренбург;unknown;0;686.0;18;7;11;27;0;N;Y;0
0;1;0;ММБ;" Москва Тер-рия ""Север""";Онлайн;0;572.0;11;4;5;32;0;N;Y;0
0;1;0;ММБ; Омск;unknown;0;588.0;11;4;9;38;0;N;Y;0
0;0;0;ММБ; Ижевск;unknown;0;298.0;14;8;12;27;0;N;Y;0
0;1;1;ММБ; Пенза;unknown;0;725.0;11;9;279;44;0;N;Y;0
0;1;0;ММБ; Балашиха;unknown;0;629.0;22;5;19;46;34803.81;Y;Y;0
0;1;0;ММБ; Гатчина;unknown;0;509.0;13;2;14;39;0;N;Y;0
0;1;0;ММБ; Хабаровск;unknown;0;543.0;15;3;7;49;0;N;Y;0
0;1;0;ММБ; Магнитогорск;unknown;0;542.0;15;3;8;38;0;N;Y;0
0;1;0;ММБ; Новосибирск;unknown;0;533.0;6;3;9;36;0;N;Y;0
0;1;0;ММБ; Воронеж;unknown;0;509.0;13;2;13;50;0;N;Y;0
1;1;1;ММБ; Санкт-Петербург;Другое;0;660.0;18;7;110;32;0;N;Y;0
0;1;0;ММБ; Набережные Челны;unknown;0;689.0;14;8;9;38;0;N;Y;0
0;0;0;ММБ;" Москва Тер-рия ""Юг""";Онлайн;0;690.0;14;8;3;31;0;N;Y;0
0;1;0;ММБ;" Москва Тер-рия ""Юг""";Партнер;0;651.0;6;7;18;38;0;N;Y;0
0;1;0;ММБ; Якутск;unknown;0;706.0;30;8;3;36;0;N;Y;0
0;1;0;ММБ; Комсомольск-на-Амуре;unknown;0;690.0;14;8;14;30;0;N;Y;0
0;1;0;ММБ; Краснодар;unknown;0;530.0;15;3;12;35;0;N;Y;0
0;1;0;ММБ;" Москва Тер-рия ""Восток""";Партнер;0;675.0;14;8;11;34;0;N;Y;0
0;1;0;ММБ; Калуга;unknown;0;687.0;14;8;18;52;0;N;Y;0
0;1;0;ММБ; Самара;unknown;0;492.0;1;2;2;60;0;N;Y;0
0;1;0;ММБ; Ангарск;unknown;0;663.0;24;7;4;42;0;N;Y;0
0;0;0;ММБ; Казань;Другое;0;501.0;13;2;6;30;861111.1;Y;N;0
0;1;0;ММБ; Тула;unknown;0;591.0;15;5;5;54;0;N;Y;0
0;1;0;ММБ; Магнитогорск;unknown;0;633.0;26;6;7;37;0;N;Y;0
0;0;1;ММБ; Уфа;unknown;0;555.0;11;4;112;36;0;N;Y;0
0;1;0;ММБ; Уфа;unknown;0;683.0;14;8;6;35;2370555.54;Y;Y;0
0;1;0;ММБ; Барнаул;unknown;0;528.0;15;3;3;40;0;N;Y;0
0;1;0;ММБ; Ставрополь;unknown;0;501.0;13;2;13;33;0;N;Y;0
0;1;0;ММБ;" Санкт-Петербург Тер-рия ""Юг""";Партнер;0;684.0;11;9;1;44;0;N;Y;0
1;1;0;СКБ;Другое;Партнер;0;626.0;26;6;11;36;122777.7;Y;Y;0
0;1;0;ММБ;" Москва Тер-рия ""Север""";unknown;0;491.0;13;2;2;50;0;N;Y;0
0;1;0;ММБ; Самара;unknown;0;531.0;15;3;9;44;0;N;Y;0
0;1;0;ММБ;" Москва Тер-рия ""Юг""";unknown;0;679.0;14;8;3;42;0;N;Y;0
0;1;0;ММБ; Самара;unknown;0;501.0;13;2;4;28;0;N;Y;0
0;1;0;ММБ; Санкт-Петербург;unknown;0;558.0;11;4;8;48;0;N;Y;0
0;1;0;ММБ; Королев;unknown;0;650.0;18;7;21;42;0;N;Y;0
1;1;0;ММБ;" Москва Тер-рия ""Юг""";unknown;0;677.0;21;8;12;47;0;N;Y;0
0;1;0;ММБ; Санкт-Петербург;unknown;0;547.0;31;3;2;42;0;N;Y;0
0;1;0;ММБ; Тольятти;Партнер;0;801.0;18;12;6;37;0;N;Y;0
0;1;0;ММБ; Ижевск;Маркетинговая кампания;0;768.0;15;11;10;36;0;N;Y;0
0;1;0;ММБ;Другое;unknown;0;531.0;15;3;11;26;0;N;Y;0
0;1;0;ММБ;" Санкт-Петербург Тер-рия ""Север""";unknown;0;776.0;15;11;7;50;0;N;Y;0
0;0;0;ММБ; Екатеринбург;Онлайн;0;531.0;15;3;4;38;0;N;Y;0
0;0;0;ММБ;" Москва Тер-рия ""Юг""";Онлайн;0;545.0;11;4;1;28;0;N;Y;0
0;1;0;ММБ; Ижевск;unknown;0;545.0;11;4;2;33;0;N;Y;0
0;1;0;ММБ;" Санкт-Петербург Тер-рия ""Север""";Онлайн;0;545.0;11;4;1;58;0;N;Y;0
0;1;0;ММБ; Омск;unknown;0;670.0;14;8;7;34;0;N;Y;0
0;1;0;ММБ; Ставрополь;unknown;0;470.0;15;3;9;37;0;N;Y;0
0;1;1;ММБ; Мытищи;Онлайн;0;622.0;14;8;152;45;0;N;Y;0
0;1;0;ММБ;Другое;unknown;0;468.0;15;3;6;31;0;N;Y;0
0;0;0;ММБ;Другое;Онлайн;0;470.0;15;3;7;57;0;N;Y;0
0;1;0;ММБ;Другое;Онлайн;0;489.0;11;4;5;37;0;N;Y;0
0;1;0;ММБ; Туапсе;unknown;0;465.0;15;3;12;47;2083333.26;Y;N;0
0;1;0;ММБ;" Москва Тер-рия ""Запад""";unknown;0;617.0;14;8;4;58;0;N;Y;0
0;1;0;ММБ;" Москва Тер-рия ""Север""";unknown;0;612.0;14;8;14;55;0;N;Y;0
0;1;0;ММБ; Воронеж;unknown;0;589.0;12;7;22;33;0;N;Y;0
0;1;0;ММБ; Новосибирск;unknown;0;601.0;2;8;9;31;0;N;Y;0
0;1;0;ММБ; Истра;Онлайн;0;622.0;14;8;3;32;0;N;Y;0
1;0;0;ММБ; Всеволожск;Онлайн;0;572.0;12;7;8;53;0;N;Y;0
0;1;1;ММБ; Мытищи;Онлайн;0;459.0;15;3;90;49;0;N;Y;0
0;1;0;ММБ; Томск;unknown;0;474.0;14;8;14;56;0;N;Y;0
0;1;0;ММБ; Краснодар;Выездной канал;0;548.0;12;6;5;37;0;N;Y;0
0;1;0;ММБ; Санкт-Петербург;Онлайн;0;611.0;14;8;7;56;0;N;Y;0
0;1;0;ММБ; Калининград;Партнер;0;618.0;23;8;10;37;0;N;Y;0
1;0;0;ММБ;" Москва Тер-рия ""Запад""";Партнер;0;513.0;15;5;7;43;0;N;Y;0
0;1;0;ММБ;Другое;unknown;0;497.0;11;4;7;38;0;N;Y;0
0;1;0;ММБ; Краснодар;unknown;0;501.0;15;3;13;52;0;N;Y;0
0;1;0;ММБ; Владивосток;Партнер;0;527.0;11;4;9;45;0;N;Y;0
0;1;0;ММБ; Ангарск;unknown;0;527.0;11;4;1;53;0;N;Y;0
0;1;0;ММБ; Ставрополь;unknown;0;527.0;11;4;17;58;0;N;Y;0
0;1;0;ММБ; Ростов-на-Дону;unknown;0;589.0;12;6;16;34;0;N;Y;0
0;1;0;ММБ; Тверь;Онлайн;0;653.0;14;8;3;24;0;N;Y;0
0;1;0;ММБ; Ростов-на-Дону;unknown;0;534.0;18;4;10;35;0;N;Y;0
1;1;0;ММБ; Екатеринбург;Онлайн;0;648.0;14;8;2;37;0;N;Y;0
1;1;0;ММБ;" Москва Тер-рия ""Север""";unknown;0;774.0;18;12;7;65;0;N;Y;0
0;1;0;ММБ; Ростов-на-Дону;unknown;0;495.0;15;3;8;61;0;N;Y;0
0;1;0;ММБ; Домодедово;Партнер;0;646.0;14;8;4;33;0;N;Y;0
0;1;0;ММБ; Липецк;unknown;0;500.0;15;3;20;34;0;N;Y;0
0;1;0;ММБ;Другое;unknown;0;645.0;14;8;15;39;0;N;Y;0
0;1;0;ММБ; Чебоксары;unknown;0;645.0;14;8;15;45;0;N;N;0
0;1;0;ММБ; Ростов-на-Дону;unknown;0;652.0;14;8;12;46;0;N;Y;0
0;1;0;ММБ; Новосибирск;unknown;0;654.0;23;8;10;35;0;N;Y;0
0;1;0;ММБ; Альметьевск;unknown;0;771.0;18;12;28;42;0;N;Y;0
0;0;1;ММБ; Санкт-Петербург;unknown;0;515.0;11;4;20;29;0;N;Y;0
0;1;0;ММБ; Санкт-Петербург;Партнер;0;513.0;11;4;3;33;0;N;Y;0
0;1;1;ММБ; Белгород;unknown;0;606.0;12;7;54;38;0;N;Y;0
0;1;0;ММБ;Другое;unknown;0;478.0;21;2;3;32;0;N;Y;0
0;1;0;ММБ;" Москва Тер-рия ""Запад""";Онлайн;0;466.0;21;2;6;58;0;N;Y;0
0;1;0;ММБ;" Москва Тер-рия ""Запад""";Онлайн;0;513.0;18;4;6;33;0;N;Y;0
0;1;1;ММБ; Новосибирск;Онлайн;0;600.0;12;7;364;42;0;N;Y;0
0;1;0;ММБ; Набережные Челны;unknown;0;487.0;15;3;3;33;0;N;Y;0
0;1;0;ММБ; Самара;unknown;0;485.0;15;3;8;35;0;N;Y;0
0;1;0;ММБ; Белгород;unknown;0;568.0;22;5;9;49;0;N;Y;0
0;1;0;ММБ; Волгоград;unknown;0;486.0;15;3;10;62;0;N;Y;0
0;1;0;ММБ;" Санкт-Петербург Тер-рия ""Юг""";Онлайн;0;508.0;11;4;4;40;0;N;Y;0
0;0;0;ММБ;" Москва Тер-рия ""Юг""";Онлайн;0;519.0;18;4;2;51;0;N;Y;0
1;0;0;ММБ; Санкт-Петербург;Онлайн;0;603.0;18;7;4;49;0;N;Y;0
0;1;0;ММБ;" Санкт-Петербург Тер-рия ""Юг""";unknown;0;600.0;19;7;16;47;0;N;Y;0
0;1;0;ММБ; Липецк;Партнер;0;436.0;1;2;11;52;0;N;Y;0
0;1;0;ММБ; Хабаровск;unknown;0;510.0;18;4;13;44;0;N;Y;0
0;1;0;ММБ;Другое;unknown;0;495.0;31;3;8;40;0;N;Y;0
0;1;0;ММБ; Санкт-Петербург;Партнер;0;495.0;11;4;3;36;0;N;Y;0
0;1;0;ММБ; Краснодар;unknown;0;640.0;23;8;5;37;0;N;Y;0
0;1;0;ММБ;" Москва Тер-рия ""Запад""";unknown;0;717.0;18;10;22;34;0;N;Y;0
0;1;0;ММБ; Воронеж;unknown;0;601.0;18;7;5;45;0;N;Y;0
0;1;0;ММБ; Краснодар;unknown;0;600.0;18;7;3;41;0;N;Y;0
0;1;0;ММБ; Барнаул;unknown;0;626.0;14;8;9;36;0;N;Y;0
0;0;0;ММБ; Барнаул;unknown;0;626.0;14;8;2;55;1146689.54;Y;Y;0
0;1;0;ММБ;Другое;Партнер;0;472.0;15;3;7;25;0;N;Y;0
0;1;0;ММБ; Хабаровск;Партнер;0;451.0;21;2;10;38;0;N;Y;0
0;1;0;ММБ; Самара;unknown;0;532.0;15;5;6;44;0;N;Y;0
0;1;0;ММБ;Другое;unknown;0;624.0;14;8;2;44;0;N;Y;0
0;1;0;ММБ; Санкт-Петербург;unknown;0;472.0;15;3;9;40;0;N;Y;0
0;1;1;ММБ; Сочи;unknown;0;456.0;27;2;266;32;0;N;Y;0
0;1;0;ММБ; Липецк;unknown;0;512.0;25;4;8;37;0;N;Y;0
0;0;0;ММБ; Оренбург;unknown;0;624.0;14;8;1;61;0;N;Y;0
0;1;0;ММБ;" Москва Тер-рия ""Юг""";Онлайн;0;429.0;1;2;2;61;0;N;Y;0
0;1;0;ММБ; Саратов;unknown;0;624.0;14;8;11;58;0;N;Y;0
0;1;0;ММБ; Краснодар;unknown;0;486.0;31;3;19;42;0;N;Y;0
0;0;0;ММБ;Другое;unknown;0;538.0;22;5;11;54;0;N;Y;0
0;1;0;ММБ; Ставрополь;unknown;0;448.0;21;2;11;39;0;N;Y;0
0;1;0;ММБ;" Москва Тер-рия ""Юг""";Партнер;0;354.0;17;1;11;44;0;N;Y;0
1;0;0;ММБ;" Москва Тер-рия ""Восток""";Партнер;0;437.0;11;4;5;40;0;N;Y;0
0;1;0;ММБ; Сочи;Партнер;0;436.0;11;4;2;34;0;N;Y;0
0;1;0;ММБ; Ставрополь;Партнер;0;561.0;14;8;9;44;0;N;Y;0
0;1;0;ММБ; Ижевск;Партнер;0;528.0;12;7;6;22;0;N;Y;0
1;0;0;ММБ; Калуга;Партнер;0;443.0;18;4;6;34;0;N;Y;0
0;1;1;ММБ; Сочи;unknown;0;533.0;18;7;126;54;0;N;Y;0
0;1;0;ММБ; Сочи;unknown;0;533.0;18;7;7;37;221120.72;Y;N;0
0;1;0;ММБ; Калуга;unknown;0;406.0;15;3;11;28;0;N;Y;0
0;1;0;ММБ; Липецк;unknown;0;650.0;15;11;13;34;0;N;Y;0
0;1;0;ММБ; Сочи;unknown;0;527.0;18;7;5;28;0;N;Y;0
0;1;0;ММБ;" Москва Тер-рия ""Запад""";unknown;0;405.0;15;3;10;33;0;N;Y;0
0;1;0;ММБ; Челябинск;unknown;0;424.0;31;3;6;32;0;N;Y;0
0;1;0;ММБ; Тюмень;Партнер;0;431.0;11;4;5;56;0;N;Y;0
0;1;0;ММБ;" Москва Тер-рия ""Запад""";unknown;0;562.0;21;8;23;31;0;N;Y;0
0;1;0;ММБ; Новосибирск;Онлайн;0;408.0;15;3;8;52;0;N;Y;0
1;1;0;ММБ; Барнаул;Партнер;0;571.0;30;8;14;39;0;N;Y;0
0;1;0;ММБ; Чебоксары;unknown;0;408.0;15;3;11;48;0;N;Y;0
0;1;0;ММБ; Рязань;unknown;0;408.0;15;3;4;36;0;N;Y;0
0;1;0;ММБ; Тула;unknown;0;541.0;2;8;16;30;0;N;Y;0
0;1;0;ММБ; Санкт-Петербург;unknown;0;435.0;11;4;17;50;0;N;Y;0
0;1;0;ММБ; Казань;unknown;0;435.0;11;4;7;27;0;N;Y;0
0;1;0;ММБ; Белгород;unknown;0;560.0;14;8;4;41;0;N;Y;0
0;1;0;ММБ;Другое;unknown;0;408.0;15;3;10;34;0;N;Y;0
0;1;0;ММБ; Сочи;unknown;0;476.0;22;5;7;39;0;N;Y;0
0;1;0;ММБ; Санкт-Петербург;unknown;0;519.0;2;8;3;34;0;N;Y;0
0;1;0;ММБ; Калуга;unknown;0;398.0;15;3;13;37;0;N;Y;0
0;1;0;ММБ; Санкт-Петербург;unknown;0;435.0;11;4;4;51;0;N;Y;0
0;1;0;ММБ;" Санкт-Петербург Тер-рия ""Север""";Партнер;0;432.0;21;2;1;38;0;N;Y;0
0;1;0;ММБ; Хабаровск;unknown;0;613.0;21;8;5;60;0;N;Y;0
0;1;0;ММБ; Новосибирск;unknown;0;606.0;14;8;1;40;0;N;Y;0
0;1;0;ММБ; Тверь;unknown;0;622.0;14;8;2;42;0;N;Y;0
0;1;1;ММБ; Санкт-Петербург;Онлайн;0;560.0;14;8;324;28;0;N;Y;0
1;1;0;ММБ; Уфа;unknown;0;711.0;29;11;5;44;0;N;Y;0
0;1;0;ММБ;" Москва Тер-рия ""Север""";Партнер;0;599.0;14;8;2;45;0;N;Y;0
0;1;0;ММБ; Тольятти;unknown;0;497.0;6;5;2;41;0;N;Y;0
0;0;0;ММБ; Владивосток;unknown;0;528.0;29;5;1;29;0;N;Y;0
0;1;0;ММБ; Самара;Онлайн;0;715.0;15;11;4;38;0;N;Y;0
0;0;0;ММБ; Челябинск;unknown;0;453.0;15;3;6;35;0;N;Y;0
0;1;0;ММБ; Белгород;unknown;0;352.0;18;4;275;41;0;N;Y;0
0;1;0;ММБ; Челябинск;Партнер;0;451.0;15;3;9;47;0;N;Y;0
0;0;0;ММБ; Мурманск;unknown;0;604.0;14;8;5;58;0;N;Y;0
0;1;0;ММБ; Комсомольск-на-Амуре;unknown;0;463.0;31;3;14;28;0;N;Y;0
0;1;0;ММБ; Пермь;Партнер;0;555.0;26;6;6;39;0;N;Y;1000000
0;1;0;ММБ; Томск;unknown;0;603.0;14;8;6;43;0;N;Y;0
0;1;0;ММБ; Краснодар;unknown;0;497.0;11;4;8;37;0;N;Y;0
0;1;0;ММБ; Калуга;unknown;0;603.0;14;8;19;41;0;N;Y;0
0;1;0;ММБ; Истра;Партнер;0;485.0;18;4;14;33;0;N;Y;0
0;1;0;ММБ; Ростов-на-Дону;unknown;0;600.0;14;8;8;64;0;N;Y;0
0;1;0;ММБ;" Санкт-Петербург Тер-рия ""Север""";unknown;0;600.0;14;8;4;42;0;N;Y;0
0;1;0;ММБ; Пермь;unknown;0;448.0;15;3;12;51;0;N;Y;0
0;1;0;ММБ;Другое;unknown;0;446.0;15;3;5;41;0;N;Y;0
0;0;0;ММБ;Другое;unknown;0;477.0;18;4;4;46;0;N;Y;0
0;1;0;ММБ;Другое;unknown;0;431.0;27;2;4;38;0;N;Y;0
1;0;0;ММБ;" Москва Тер-рия ""Север""";Онлайн;0;431.0;27;2;11;51;0;N;Y;0
0;1;0;ММБ; Уфа;unknown;0;414.0;13;2;8;40;0;N;Y;0
0;0;0;ММБ; Нижний Новгород;Онлайн;0;473.0;11;4;1;23;0;N;Y;0
0;1;0;ММБ; Санкт-Петербург;unknown;0;242.0;16;8;118;46;0;N;Y;0
0;1;0;ММБ; Ростов-на-Дону;unknown;0;507.0;22;5;10;50;0;N;Y;0
0;1;0;ММБ;Другое;Онлайн;0;445.0;15;3;1;37;0;N;Y;0
0;1;0;ММБ; Барнаул;Онлайн;0;585.0;2;8;9;38;0;N;Y;0
0;1;1;ММБ; Новосибирск;unknown;0;544.0;26;6;350;49;0;N;Y;0
0;1;0;ММБ; Хабаровск;unknown;0;444.0;15;3;6;40;2016666.62;Y;Y;0
0;1;0;ММБ; Омск;Партнер;0;560.0;12;7;7;34;0;N;Y;0
0;1;0;ММБ; Екатеринбург;unknown;0;431.0;6;3;9;35;0;N;Y;0
0;1;0;ММБ; Оренбург;Партнер;0;439.0;15;3;5;37;0;N;Y;0
1;1;0;ММБ; Домодедово;unknown;0;558.0;12;7;1;32;0;N;Y;0
0;1;0;ММБ;Другое;Партнер;0;453.0;29;3;8;58;0;N;Y;0
0;1;1;ММБ; Люберцы;unknown;0;369.0;17;1;72;38;237526.51;Y;N;0
0;1;0;ММБ; Ульяновск;Онлайн;0;439.0;15;3;3;48;0;N;Y;0
0;1;0;ММБ;" Москва Тер-рия ""Восток""";unknown;0;409.0;13;2;6;38;0;N;Y;0
0;1;0;ММБ;" Санкт-Петербург Тер-рия ""Север""";unknown;0;542.0;26;6;15;37;0;N;Y;0
0;1;0;ММБ; Новокузнецк;Партнер;0;587.0;23;8;11;37;0;N;Y;0
0;1;0;ММБ;Другое;Партнер;0;450.0;18;4;8;31;0;N;Y;0
0;1;0;ММБ; Санкт-Петербург;Партнер;0;493.0;22;5;2;43;0;N;Y;0
0;1;0;ММБ;" Москва Тер-рия ""Юг""";Партнер;0;424.0;15;3;4;32;0;N;Y;0
0;1;0;ММБ;" Москва Тер-рия ""Восток""";unknown;0;613.0;20;9;14;38;0;N;Y;0
0;1;0;ММБ; Санкт-Петербург;unknown;0;576.0;14;8;4;33;0;N;Y;0
0;1;0;ММБ; Екатеринбург;Партнер;0;581.0;23;8;15;52;0;N;Y;0
0;1;0;ММБ; Калуга;unknown;0;423.0;15;3;4;38;0;N;Y;0
0;1;0;ММБ;" Москва Тер-рия ""Запад""";unknown;0;404.0;15;3;4;26;0;N;Y;0
0;1;0;СКБ;Другое;unknown;0;577.0;23;8;2;47;0;N;Y;0
0;1;1;ММБ; Екатеринбург;unknown;0;547.0;24;7;110;41;0;N;Y;0
0;1;0;ММБ; Краснодар;unknown;0;466.0;11;4;4;40;0;N;Y;0
0;1;0;ММБ; Ростов-на-Дону;unknown;0;450.0;18;4;292;33;0;N;Y;0
0;1;0;ММБ; Пенза;unknown;0;565.0;14;8;13;25;0;N;Y;0
0;1;0;ММБ; Набережные Челны;unknown;0;442.0;18;4;9;59;0;N;Y;0
0;1;0;ММБ;Другое;unknown;0;428.0;31;3;5;44;0;N;Y;0
0;1;0;ММБ;" Санкт-Петербург Тер-рия ""Юг""";unknown;0;412.0;15;3;15;39;0;N;Y;0
0;1;0;ММБ; Тверь;unknown;0;161.0;11;4;7;42;0;N;Y;0
0;1;0;ММБ; Екатеринбург;Онлайн;0;560.0;14;8;4;31;0;N;Y;0
0;1;0;ММБ; Челябинск;unknown;0;362.0;15;3;13;38;0;N;Y;0
0;1;1;ММБ; Самара;unknown;0;450.0;12;6;16;42;0;N;Y;0
0;1;0;ММБ; Екатеринбург;unknown;0;536.0;11;9;8;26;0;N;Y;0
0;1;0;ММБ; Волгоград;unknown;0;357.0;15;3;9;55;0;N;Y;0
0;0;0;ММБ; Екатеринбург;unknown;0;383.0;11;4;7;44;69666.79;Y;N;0
0;1;0;ММБ; Краснодар;unknown;0;481.0;18;7;3;30;0;N;Y;0
0;0;0;ММБ; Краснодар;Выездной канал;0;381.0;11;4;10;39;0;N;Y;0
0;1;0;ММБ; Тверь;unknown;0;507.0;21;8;12;30;0;N;Y;0
0;1;0;ММБ; Пенза;unknown;0;381.0;11;4;18;53;0;N;Y;0
0;1;0;ММБ;" Москва Тер-рия ""Юг""";Партнер;0;355.0;15;3;4;40;0;N;Y;0
0;1;0;ММБ; Ставрополь;unknown;0;515.0;23;8;8;52;0;N;Y;0
0;1;0;ММБ; Ростов-на-Дону;Партнер;0;385.0;3;3;7;38;0;N;Y;0
0;1;0;ММБ; Санкт-Петербург;unknown;0;380.0;6;3;10;36;728063.46;Y;Y;0
0;1;0;ММБ;" Москва Тер-рия ""Север""";unknown;0;424.0;31;3;4;51;0;N;Y;0
0;1;0;ММБ; Зеленоград;unknown;0;408.0;15;3;22;44;0;N;Y;0
0;0;0;ММБ; Чебоксары;unknown;0;548.0;2;8;7;41;0;N;Y;0
0;0;1;ММБ; Ижевск;unknown;0;380.0;3;3;63;44;0;N;Y;0
0;1;0;ММБ; Омск;unknown;0;204.0;23;6;3;46;0;N;Y;0
0;1;0;ММБ; Сочи;unknown;0;476.0;22;5;3;55;0;N;Y;0
0;0;0;ММБ; Рязань;unknown;0;560.0;14;8;4;33;0;N;Y;0
0;1;0;ММБ;" Москва Тер-рия ""Север""";unknown;0;389.0;15;3;8;35;0;N;Y;0
0;1;0;ММБ; Тюмень;unknown;0;416.0;11;4;9;37;0;N;Y;0
0;0;1;ММБ;" Санкт-Петербург Тер-рия ""Юг""";unknown;0;540.0;14;8;90;53;0;N;Y;0
0;1;0;ММБ; Всеволожск;Онлайн;0;414.0;11;4;11;37;0;N;Y;0
0;1;0;ММБ;" Москва Тер-рия ""Восток""";unknown;0;539.0;23;8;6;36;0;N;Y;0
0;1;1;ММБ; Волгоград;unknown;0;372.0;6;3;105;36;1696887.26;Y;N;0
0;1;0;ММБ; Санкт-Петербург;unknown;0;367.0;27;2;9;51;0;N;Y;0
0;1;0;ММБ;" Москва Тер-рия ""Юг""";Онлайн;0;417.0;18;4;9;42;0;N;Y;0
0;1;0;ММБ; Краснодар;unknown;0;408.0;11;4;6;51;0;N;Y;0
0;1;0;ММБ; Томск;unknown;0;408.0;11;4;8;38;0;N;Y;0
0;0;0;ММБ;Другое;Онлайн;0;361.0;27;2;11;29;0;N;Y;0
1;0;0;ММБ; Ярославль;Партнер;0;381.0;15;3;6;49;0;N;Y;0
0;1;0;ММБ; Воронеж;unknown;0;413.0;18;4;20;39;0;N;Y;0
0;1;0;ММБ;" Москва Тер-рия ""Север""";unknown;0;443.0;14;8;11;59;0;N;Y;0
0;1;0;ММБ; Липецк;Онлайн;0;404.0;11;4;10;56;0;N;Y;0
0;1;0;ММБ; Ярославль;unknown;0;406.0;11;4;6;34;0;N;Y;0
0;1;0;ММБ; Ставрополь;Партнер;0;363.0;27;2;10;41;0;N;Y;0
0;0;0;ММБ;" Москва Тер-рия ""Север""";Онлайн;0;375.0;15;3;3;30;0;N;Y;0
0;1;0;ММБ;Другое;unknown;0;337.0;1;2;12;50;0;N;Y;0
0;0;0;ММБ; Мытищи;unknown;0;-951.0;23;1;16;62;0;N;Y;0
0;1;0;ММБ; Новосибирск;unknown;0;634.0;29;11;2;22;0;N;Y;0
0;1;0;ММБ; Тольятти;unknown;0;447.0;22;5;27;37;0;N;Y;0
0;0;0;ММБ; Домодедово;unknown;0;528.0;21;8;2;40;0;N;Y;0
0;1;0;ММБ; Нижний Новгород;unknown;0;354.0;27;2;6;56;0;N;Y;0
0;1;0;ММБ;" Москва Тер-рия ""Юг""";unknown;0;391.0;11;4;4;39;0;N;Y;0
0;1;0;ММБ; Одинцово;Онлайн;0;353.0;15;3;1;48;0;N;Y;0
0;0;1;ММБ; Тюмень;Онлайн;0;647.0;18;12;462;58;0;N;Y;0
0;1;0;ММБ;" Москва Тер-рия ""Восток""";Маркетинговая кампания;0;356.0;15;3;4;44;0;N;Y;0
0;1;0;ММБ; Кемерово;unknown;0;461.0;5;6;15;45;0;N;Y;0
0;1;0;ММБ; Нижний Новгород;unknown;0;310.0;17;1;7;30;0;N;Y;0
0;0;0;ММБ;Другое;unknown;0;;15;5;1;48;0;N;Y;0
0;1;0;ММБ;" Москва Тер-рия ""Юг""";unknown;0;527.0;21;8;2;24;0;N;Y;0
0;1;0;ММБ;Другое;unknown;0;519.0;2;8;9;50;0;N;Y;0
0;1;0;ММБ; Уфа;unknown;0;408.0;25;4;6;35;0;N;Y;0
0;1;0;ММБ;" Москва Тер-рия ""Восток""";unknown;0;361.0;15;3;8;36;0;N;Y;0
1;1;0;ММБ; Оренбург;Онлайн;0;379.0;15;3;1;43;0;N;Y;0
0;1;0;ММБ; Саратов;Партнер;0;355.0;15;3;5;42;0;N;Y;0
0;1;1;ММБ; Набережные Челны;unknown;0;467.0;26;6;135;36;0;N;Y;0
0;1;0;ММБ; Комсомольск-на-Амуре;Партнер;0;526.0;23;10;2;32;0;N;Y;0
0;1;0;ММБ; Тула;unknown;0;405.0;23;6;5;46;0;N;Y;0
0;1;0;ММБ; Самара;unknown;0;408.0;26;6;4;45;0;N;Y;0
0;1;1;ММБ; Люберцы;unknown;0;453.0;14;8;168;38;0;N;Y;0
0;1;0;ММБ; Тула;Онлайн;0;342.0;25;4;4;31;0;N;Y;0
0;1;0;ММБ; Санкт-Петербург;unknown;0;558.0;29;11;5;37;0;N;Y;0
0;1;0;ММБ; Новокузнецк;unknown;0;461.0;23;8;21;45;0;N;Y;0
1;1;0;ММБ; Краснодар;unknown;0;345.0;11;4;2;31;0;N;Y;0
0;1;0;ММБ; Ростов-на-Дону;unknown;0;387.0;12;6;21;49;0;N;Y;0
0;1;0;ММБ; Санкт-Петербург;unknown;0;330.0;21;4;26;44;0;N;Y;0
0;1;0;ММБ;" Москва Тер-рия ""Восток""";Онлайн;0;449.0;14;8;5;43;0;N;Y;0
1;0;0;ММБ; Сочи;unknown;0;371.0;29;5;4;52;0;N;Y;0
0;1;0;ММБ; Новосибирск;unknown;0;443.0;14;8;8;41;0;N;Y;0
1;0;0;ММБ; Красноярск;unknown;0;444.0;14;8;1;33;0;N;Y;0
0;1;0;ММБ; Набережные Челны;unknown;0;291.0;15;3;11;37;0;N;Y;0
0;1;0;ММБ; Калининград;unknown;0;439.0;12;6;7;32;0;N;Y;0
0;1;0;ММБ; Пермь;Онлайн;0;501.0;14;8;8;49;0;N;Y;0
1;1;0;ММБ;" Санкт-Петербург Тер-рия ""Юг""";Онлайн;0;416.0;22;5;3;31;0;N;Y;0
0;1;0;ММБ; Набережные Челны;unknown;0;409.0;15;5;7;49;0;N;Y;0
0;0;0;ММБ;Другое;unknown;0;200.0;21;8;4;54;0;N;Y;0
0;1;0;ММБ; Омск;unknown;0;500.0;14;8;8;45;0;N;Y;0
0;1;0;ММБ; Набережные Челны;unknown;0;537.0;20;9;5;32;0;N;Y;0
0;1;0;ММБ; Новосибирск;unknown;0;284.0;1;2;1;40;0;N;Y;0
0;1;0;ММБ; Набережные Челны;unknown;0;443.0;26;6;7;121;0;N;Y;0
0;1;0;ММБ; Казань;unknown;0;348.0;15;3;2;41;0;N;Y;0
0;1;0;ММБ; Новокузнецк;unknown;0;364.0;31;3;4;43;0;N;Y;0
1;1;0;ММБ; Домодедово;unknown;0;455.0;12;7;1;37;0;N;Y;0
0;0;0;ММБ; Волгоград;unknown;0;416.0;22;5;6;50;0;N;Y;0
0;1;0;ММБ; Липецк;unknown;0;481.0;16;8;12;41;0;N;Y;0
0;1;0;ММБ; Новороссийск;unknown;0;326.0;15;3;14;40;0;N;Y;0
0;1;0;ММБ; Одинцово;unknown;0;477.0;14;8;12;36;0;N;Y;0
0;1;0;ММБ; Екатеринбург;unknown;0;473.0;14;8;8;36;0;N;Y;0
0;1;1;ММБ;" Москва Тер-рия ""Восток""";Партнер;0;356.0;18;4;50;52;0;N;Y;0
0;1;1;ММБ;" Москва Тер-рия ""Юг""";Онлайн;0;474.0;14;8;84;36;0;N;Y;0
0;1;0;ММБ; Самара;Партнер;0;472.0;14;8;2;33;0;N;Y;0
0;1;0;ММБ; Казань;unknown;0;387.0;22;5;8;43;0;N;Y;0
0;1;0;ММБ; Краснодар;unknown;0;354.0;18;4;12;54;0;N;Y;0
0;1;0;ММБ; Красногорск;Онлайн;0;329.0;31;3;1;55;0;N;Y;0
0;1;0;ММБ; Пенза;unknown;0;470.0;14;8;14;49;0;N;Y;0
0;1;0;ММБ; Самара;unknown;0;386.0;22;5;21;54;0;N;Y;0
0;0;0;ММБ; Саранск;Партнер;0;345.0;11;4;2;52;0;N;Y;0
0;1;0;ММБ; Краснодар;unknown;0;540.0;30;10;6;62;0;N;Y;0
0;1;0;ММБ; Химки;unknown;0;425.0;6;7;1;39;0;N;Y;0
0;1;0;ММБ; Ульяновск;unknown;0;296.0;21;2;5;54;0;N;Y;0
0;1;0;ММБ; Новокузнецк;unknown;0;584.0;13;12;1;36;0;N;Y;0
0;0;0;ММБ;Другое;unknown;0;333.0;11;4;13;32;0;N;Y;0
0;1;0;ММБ; Омск;Онлайн;0;556.0;22;11;6;60;0;N;Y;0
0;0;0;ММБ; Ярославль;Онлайн;0;470.0;14;8;6;50;0;N;Y;0
0;1;0;ММБ; Хабаровск;unknown;0;4054.0;6;3;6;45;0;N;Y;0
1;0;0;ММБ; Нижний Новгород;Отделение;0;176.0;21;8;4;39;0;N;Y;0
0;1;0;ММБ; Краснодар;unknown;0;3947.0;3;3;7;60;0;N;Y;0
0;1;0;ММБ; Новосибирск;unknown;0;4115.0;23;8;3;53;0;N;Y;0
0;1;0;ММБ; Калининград;unknown;0;4077.0;14;8;1;45;0;N;Y;0
0;1;0;ММБ;" Санкт-Петербург Тер-рия ""Север""";unknown;0;3919.0;3;3;6;46;0;N;Y;0
0;1;0;ММБ; Тюмень;unknown;0;5728.0;26;6;4;58;0;N;Y;0
1;1;1;ММБ; Новосибирск;unknown;0;571.0;12;7;136;47;0;N;Y;0
0;1;0;ММБ; Магнитогорск;unknown;0;4371.0;21;3;2;46;0;N;Y;0
0;0;0;ММБ;Другое;Онлайн;0;372.0;12;6;4;40;0;N;Y;0
0;1;0;ММБ; Екатеринбург;unknown;0;4513.0;23;8;5;54;0;N;Y;0
0;1;0;ММБ; Новокузнецк;unknown;0;2305.0;11;9;9;45;0;N;Y;0
0;1;1;ММБ; Екатеринбург;unknown;0;4316.0;6;3;42;53;0;N;Y;0
0;1;0;ММБ; Омск;unknown;0;3713.0;26;6;2;57;0;N;Y;0
0;1;0;ММБ; Нижний Новгород;unknown;0;250.0;6;3;11;32;0;N;Y;0
0;1;0;ММБ;" Санкт-Петербург Тер-рия ""Юг""";unknown;0;3539.0;6;3;10;36;0;N;Y;0
0;1;1;ММБ; Санкт-Петербург;unknown;0;3740.0;23;10;130;43;0;N;Y;0
0;1;0;ММБ; Барнаул;unknown;0;3500.0;15;3;8;47;0;N;Y;0
0;1;0;ММБ; Санкт-Петербург;unknown;0;4030.0;12;7;9;54;0;N;Y;0
0;1;0;ММБ; Омск;unknown;0;3780.0;23;8;8;40;0;N;Y;0
0;1;0;ММБ; Орск;unknown;0;3789.0;18;4;5;63;0;N;Y;0
0;1;0;ММБ; Челябинск;unknown;0;2205.0;12;7;9;46;0;N;Y;0
0;1;0;ММБ;Другое;unknown;0;3867.0;16;8;2;47;0;N;Y;0
0;1;1;ММБ; Тюмень;unknown;0;1718.0;16;8;105;50;0;N;Y;0
0;1;0;ММБ; Краснодар;unknown;0;3671.0;15;3;2;48;0;N;Y;0
0;1;0;ММБ; Екатеринбург;unknown;0;2385.0;16;8;1;38;0;N;Y;0
0;1;0;ММБ; Екатеринбург;unknown;0;3806.0;23;8;3;50;0;N;Y;0
0;1;0;ММБ; Волгоград;unknown;0;3622.0;6;3;3;48;0;N;Y;0
0;0;0;ММБ;" Москва Тер-рия ""Юг""";unknown;0;3126.0;15;3;4;48;0;N;Y;0
0;1;0;ММБ; Калининград;unknown;0;3125.0;6;3;7;55;1847222.13;Y;Y;0
0;1;0;ММБ; Орск;unknown;0;3100.0;15;3;3;50;0;N;Y;0
0;1;0;ММБ; Барнаул;unknown;0;1405.0;13;12;18;43;0;N;Y;0
0;0;0;ММБ; Магнитогорск;unknown;0;3537.0;26;6;8;42;0;N;Y;0
0;1;0;ММБ; Барнаул;unknown;0;3481.0;21;8;4;38;0;N;Y;0
0;1;0;ММБ; Екатеринбург;unknown;0;3421.0;16;8;4;38;0;N;Y;0
0;1;0;ММБ; Екатеринбург;unknown;0;3416.0;23;8;6;50;0;N;Y;0
0;1;0;ММБ; Казань;unknown;0;3328.0;26;6;3;60;0;N;Y;0
0;0;0;ММБ;" Санкт-Петербург Тер-рия ""Юг""";unknown;0;3208.0;6;3;12;51;0;N;Y;0
0;1;0;ММБ; Казань;unknown;0;1175.0;23;8;6;49;0;N;Y;0
0;1;0;ММБ; Челябинск;unknown;0;3194.0;6;3;1;44;0;N;Y;0
0;1;0;ММБ; Самара;unknown;0;1501.0;26;6;2;51;0;N;Y;0
0;1;0;ММБ;" Москва Тер-рия ""Запад""";unknown;0;2891.0;3;3;3;49;0;N;Y;0
0;1;0;ММБ; Казань;unknown;0;1648.0;26;6;4;38;0;N;Y;0
0;1;0;ММБ; Нижний Новгород;unknown;0;3067.0;11;9;1;42;0;N;Y;0
0;1;0;ММБ; Санкт-Петербург;unknown;0;3039.0;14;8;2;30;0;N;Y;0
0;1;0;ММБ; Уфа;unknown;0;2886.0;7;4;3;34;0;N;Y;0
0;1;0;ММБ;Другое;unknown;0;3024.0;23;8;7;34;0;N;Y;0
0;1;1;ММБ; Санкт-Петербург;unknown;0;3014.0;23;8;66;36;0;N;Y;0
0;0;0;ММБ; Санкт-Петербург;unknown;0;3038.0;20;9;6;61;158333.23;Y;Y;0
0;1;1;ММБ; Новосибирск;unknown;0;2836.0;3;3;36;36;0;N;Y;0
0;1;0;ММБ; Ангарск;unknown;0;3229.0;14;8;1;49;0;N;Y;0
0;1;0;ММБ; Краснодар;unknown;0;3033.0;6;3;1;36;0;N;Y;0
0;0;0;ММБ; Уфа;unknown;0;445.0;2;8;10;38;0;N;Y;0
0;1;0;ММБ; Магнитогорск;unknown;0;3026.0;6;3;3;49;0;N;Y;0
0;1;0;ММБ; Тюмень;unknown;0;3058.0;11;4;5;64;0;N;Y;0
0;1;0;ММБ;" Москва Тер-рия ""Север""";unknown;0;3001.0;15;3;1;54;1351831.94;Y;Y;0
0;1;0;ММБ; Красноярск;unknown;0;3117.0;14;8;2;50;283333.32;Y;Y;0
0;1;0;ММБ;" Москва Тер-рия ""Север""";unknown;0;3077.0;12;7;5;48;0;N;Y;0
0;1;0;ММБ;" Москва Тер-рия ""Юг""";unknown;0;3178.0;29;11;3;42;0;N;Y;0
0;1;0;ММБ;" Санкт-Петербург Тер-рия ""Юг""";unknown;0;2917.0;15;3;2;41;0;N;Y;0
0;1;0;ММБ; Екатеринбург;unknown;0;2939.0;11;4;6;40;0;N;Y;0
0;1;1;ММБ; Барнаул;unknown;0;2911.0;15;3;105;33;0;N;Y;0
0;1;0;ММБ; Ростов-на-Дону;unknown;0;2770.0;15;5;3;36;0;N;Y;0
0;1;0;ММБ; Мытищи;unknown;0;2698.0;15;3;5;51;0;N;Y;0
0;1;0;ММБ; Нижний Новгород;unknown;0;2868.0;30;8;3;47;2250000;Y;N;0
0;1;0;ММБ;Другое;unknown;0;2686.0;15;3;4;45;0;N;Y;0
0;1;0;ММБ;" Москва Тер-рия ""Север""";unknown;0;233.0;13;2;2;51;0;N;Y;0
0;1;0;ММБ;" Москва Тер-рия ""Восток""";unknown;0;2667.0;3;3;3;40;0;N;Y;0
0;1;0;ММБ; Ижевск;unknown;0;2158.0;12;6;6;55;0;N;Y;300000
0;1;0;ММБ;Другое;unknown;0;781.0;20;9;4;36;0;N;Y;0
0;1;0;ММБ; Ижевск;unknown;0;2525.0;23;8;5;43;0;N;Y;0
0;1;0;ММБ; Санкт-Петербург;unknown;0;2762.0;6;3;8;35;0;N;Y;0
0;0;0;ММБ; Санкт-Петербург;unknown;1;2761.0;6;3;17;38;0;N;Y;0
0;1;0;ММБ; Екатеринбург;unknown;0;2944.0;11;9;4;63;0;N;Y;0
0;1;0;ММБ; Калининград;unknown;0;2981.0;18;10;2;50;0;N;Y;0
0;1;0;ММБ; Барнаул;unknown;0;2858.0;26;6;9;45;0;N;Y;0
0;1;0;ММБ;" Москва Тер-рия ""Запад""";unknown;0;2773.0;31;3;5;35;0;N;Y;0
0;1;1;ММБ; Калининград;unknown;0;2950.0;18;10;60;50;0;N;Y;0
0;1;0;ММБ; Уфа;unknown;0;1205.0;15;3;11;36;0;N;Y;0
0;1;1;ММБ; Рязань;unknown;0;2992.0;13;12;48;56;0;N;Y;0
0;1;0;ММБ; Омск;unknown;0;2805.0;12;6;9;38;0;N;Y;0
0;1;1;ММБ; Орск;unknown;0;2684.0;23;8;63;43;0;N;Y;2000000
0;1;0;ММБ; Новосибирск;unknown;0;2656.0;14;8;3;36;0;N;Y;400000
0;0;0;ММБ; Одинцово;unknown;0;2558.0;22;5;5;35;0;N;Y;0
0;1;0;ММБ; Ростов-на-Дону;unknown;0;2633.0;3;3;3;43;0;N;Y;0
0;0;0;ММБ;" Москва Тер-рия ""Запад""";unknown;1;2715.0;23;6;5;39;0;N;Y;0
0;1;0;ММБ; Санкт-Петербург;unknown;0;2600.0;6;3;7;35;0;N;Y;0
0;1;0;ММБ; Тюмень;unknown;0;2697.0;26;6;9;63;0;N;Y;0
0;1;0;ММБ;" Москва Тер-рия ""Север""";unknown;0;2609.0;11;4;12;36;0;N;Y;0
0;1;0;ММБ; Самара;unknown;0;2563.0;6;3;7;45;0;N;Y;0
0;1;0;ММБ; Новосибирск;unknown;0;2677.0;26;6;8;35;0;N;Y;0
0;1;0;ММБ; Тюмень;unknown;0;2515.0;29;1;2;48;0;N;Y;0
0;1;0;ММБ; Липецк;unknown;0;2705.0;14;8;1;36;0;N;Y;0
0;1;0;ММБ; Томск;unknown;0;325.0;12;7;4;35;0;N;Y;0
0;1;0;ММБ; Воронеж;unknown;0;2478.0;12;7;1;46;478848.16;Y;N;0
0;1;0;ММБ; Краснодар;unknown;0;2496.0;14;8;2;38;0;N;Y;0
0;1;0;ММБ; Иркутск;unknown;0;2468.0;19;7;1;41;0;N;Y;0
0;1;0;ММБ;" Санкт-Петербург Тер-рия ""Север""";unknown;0;2342.0;15;3;5;39;0;N;Y;0
0;0;0;ММБ; Уфа;unknown;0;2587.0;26;6;5;39;0;N;Y;0
0;1;0;ММБ; Зеленоград;Онлайн;0;283.0;11;5;7;57;0;N;Y;0
0;1;0;ММБ; Тюмень;unknown;0;2582.0;12;7;125;38;0;N;Y;0
0;1;0;ММБ; Воронеж;unknown;0;2617.0;23;8;11;65;0;N;Y;0
0;1;1;ММБ; Мурманск;unknown;1;1858.0;11;9;209;36;0;N;Y;0
0;1;1;ММБ; Казань;unknown;0;110.0;18;7;92;31;0;N;Y;0
0;1;0;ММБ; Воронеж;unknown;0;2609.0;23;8;7;49;0;N;Y;0
0;0;0;ММБ; Краснодар;unknown;1;2569.0;12;7;9;50;0;N;Y;0
0;1;0;ММБ; Новокузнецк;unknown;0;2537.0;26;6;20;39;159374.71;Y;Y;0
0;1;0;ММБ;" Санкт-Петербург Тер-рия ""Юг""";unknown;1;2405.0;13;2;18;31;0;N;Y;0
0;1;0;ММБ; Екатеринбург;unknown;0;2566.0;23;8;10;45;0;N;Y;0
0;1;0;ММБ; Волгоград;unknown;0;2614.0;18;10;3;40;0;N;Y;0
0;1;0;ММБ; Новокузнецк;unknown;0;1450.0;3;3;8;40;0;N;Y;800000
0;1;0;ММБ; Истра;unknown;0;2558.0;23;8;5;32;0;N;Y;0
0;1;0;ММБ;" Москва Тер-рия ""Север""";unknown;0;2545.0;23;8;5;37;0;N;Y;0
0;1;0;ММБ; Омск;unknown;0;2628.0;15;11;4;45;0;N;Y;0
0;1;0;ММБ; Новосибирск;unknown;0;2391.0;23;8;6;34;0;N;Y;0
0;1;0;ММБ; Пермь;unknown;0;1985.0;26;6;6;35;0;N;Y;0
0;1;0;ММБ; Краснодар;unknown;0;2389.0;23;8;1;42;0;N;Y;0
0;1;0;ММБ; Новосибирск;unknown;0;2329.0;26;6;3;31;1366041.79;Y;Y;0
0;1;0;ММБ; Санкт-Петербург;unknown;0;2415.0;27;9;8;36;0;N;Y;0
0;1;0;ММБ; Самара;unknown;0;2314.0;26;6;9;41;0;N;Y;0
0;1;0;ММБ;" Москва Тер-рия ""Юг""";unknown;0;2491.0;23;8;8;41;0;N;Y;0
0;1;0;ММБ; Волгоград;unknown;0;2114.0;12;7;11;49;0;N;Y;0
0;1;1;ММБ; Барнаул;unknown;0;2418.0;26;6;80;30;0;N;Y;0
0;1;0;ММБ;" Санкт-Петербург Тер-рия ""Юг""";unknown;0;2426.0;12;7;1;48;0;N;Y;0
0;1;0;ММБ; Воронеж;unknown;0;2454.0;23;8;11;33;0;N;Y;0
0;0;0;ММБ; Краснодар;unknown;0;1140.0;23;8;5;34;0;N;Y;0
0;1;0;ММБ; Воронеж;unknown;0;637.0;12;7;28;31;0;N;Y;0
0;1;0;ММБ; Волгоград;unknown;0;2187.0;17;1;1;38;0;N;Y;0
0;1;0;ММБ; Краснодар;unknown;0;2278.0;23;8;4;48;0;N;Y;0
0;1;0;ММБ; Краснодар;unknown;0;2260.0;23;8;5;45;0;N;Y;0
0;1;0;ММБ;" Москва Тер-рия ""Север""";unknown;0;2201.0;26;6;7;42;0;N;Y;0
0;0;0;ММБ; Омск;unknown;0;2249.0;14;8;6;51;0;N;Y;0
0;1;0;ММБ;" Москва Тер-рия ""Восток""";unknown;0;2202.0;15;3;5;45;0;N;Y;0
0;1;0;ММБ; Рязань;unknown;0;2334.0;14;8;4;33;0;N;Y;0
0;1;0;ММБ; Санкт-Петербург;unknown;0;2313.0;12;7;1;29;0;N;Y;0
0;1;0;ММБ; Орск;unknown;0;2189.0;15;3;6;121;0;N;Y;0
0;1;0;ММБ;" Санкт-Петербург Тер-рия ""Юг""";unknown;0;2189.0;15;3;1;49;0;N;Y;0
0;1;0;ММБ; Санкт-Петербург;unknown;0;2216.0;11;4;4;43;0;N;Y;0
0;0;0;ММБ; Барнаул;unknown;1;2334.0;14;8;15;38;0;N;Y;0
0;0;0;ММБ; Самара;unknown;0;2427.0;15;11;5;33;0;N;Y;0
0;1;0;ММБ; Краснодар;unknown;0;2211.0;18;4;2;59;0;N;Y;0
0;1;1;ММБ; Калининград;unknown;0;2358.0;20;9;235;34;0;N;Y;0
0;1;0;ММБ; Краснодар;unknown;0;2238.0;12;6;3;44;0;N;Y;0
0;1;0;ММБ; Красноярск;unknown;0;622.0;14;8;3;32;0;N;Y;0
0;1;0;ММБ;" Москва Тер-рия ""Север""";unknown;0;2241.0;26;6;9;35;0;N;Y;0
0;1;0;ММБ;" Москва Тер-рия ""Юг""";unknown;0;2122.0;26;6;4;39;0;N;Y;0
0;1;0;ММБ; Ростов-на-Дону;unknown;0;2171.0;14;8;3;47;0;N;Y;0
0;1;0;ММБ;" Москва Тер-рия ""Юг""";unknown;0;2115.0;26;6;5;45;0;N;Y;0
0;1;0;ММБ;" Москва Тер-рия ""Север""";unknown;0;2040.0;11;4;3;31;0;N;Y;0
0;1;0;ММБ; Всеволожск;unknown;0;2100.0;26;6;3;62;0;N;Y;0
0;1;0;ММБ;" Москва Тер-рия ""Восток""";unknown;0;1998.0;15;3;13;63;0;N;Y;0
0;1;0;ММБ; Пенза;unknown;0;2061.0;13;2;5;61;0;N;Y;0
0;0;0;ММБ; Пермь;unknown;0;2338.0;15;11;8;29;0;N;Y;0
0;1;0;ММБ; Архангельск;unknown;0;1077.0;18;7;6;51;0;N;Y;0
0;1;0;ММБ; Краснодар;unknown;0;2187.0;12;7;2;48;0;N;Y;0
0;1;0;ММБ;" Москва Тер-рия ""Запад""";unknown;0;2237.0;20;9;2;62;0;N;Y;0
0;1;0;ММБ; Уфа;unknown;0;2056.0;15;3;6;42;0;N;Y;0
0;1;0;ММБ; Ярославль;unknown;0;2234.0;11;9;7;38;0;N;Y;0
0;1;0;ММБ; Ангарск;unknown;0;2258.0;23;10;5;33;0;N;Y;0
0;1;0;ММБ; Набережные Челны;unknown;0;2161.0;2;8;3;37;0;N;Y;0
0;1;0;ММБ;" Москва Тер-рия ""Юг""";unknown;0;2183.0;23;8;3;54;0;N;Y;0
0;1;0;ММБ; Санкт-Петербург;unknown;0;1942.0;11;4;2;35;0;N;Y;0
0;1;0;ММБ; Екатеринбург;unknown;0;2016.0;26;6;3;51;0;N;Y;0
0;1;0;ММБ; Ставрополь;unknown;0;2071.0;23;8;5;47;0;N;Y;0
0;1;0;ММБ; Липецк;unknown;0;2013.0;26;6;1;43;0;N;Y;0
0;0;0;ММБ; Мытищи;unknown;0;2089.0;11;9;8;57;0;N;Y;0
0;1;0;ММБ; Екатеринбург;unknown;0;2094.0;26;6;5;56;0;N;Y;0
0;1;0;ММБ;" Москва Тер-рия ""Север""";unknown;0;2110.0;12;7;5;36;0;N;Y;0
0;1;0;ММБ; Новосибирск;unknown;0;2080.0;26;6;5;57;0;N;Y;0
0;1;0;ММБ;" Москва Тер-рия ""Юг""";unknown;0;2203.0;23;10;1;39;0;N;Y;0
0;1;0;ММБ; Волгоград;unknown;0;2099.0;12;7;4;24;0;N;Y;0
0;1;0;ММБ; Краснодар;unknown;0;2224.0;15;11;4;43;0;N;Y;0
0;1;0;ММБ; Краснодар;unknown;0;2075.0;26;6;3;41;0;N;Y;0
0;1;0;ММБ; Краснодар;unknown;0;2074.0;26;6;1;42;0;N;Y;0
0;1;0;ММБ;" Москва Тер-рия ""Восток""";unknown;0;2183.0;18;10;12;41;0;N;Y;0
0;1;0;ММБ; Санкт-Петербург;unknown;0;1899.0;23;1;4;32;0;N;Y;0
0;1;0;ММБ;" Москва Тер-рия ""Запад""";unknown;0;2048.0;26;6;4;41;0;N;Y;0
0;1;1;ММБ; Санкт-Петербург;unknown;0;2109.0;23;8;95;39;0;N;Y;0
0;1;0;ММБ; Пенза;unknown;0;1955.0;4;4;2;43;0;N;Y;0
0;1;0;ММБ; Оренбург;unknown;0;1902.0;12;6;3;49;0;N;Y;0
0;1;0;ММБ; Санкт-Петербург;unknown;0;1812.0;15;3;4;60;0;N;Y;0
0;1;0;ММБ;" Москва Тер-рия ""Юг""";unknown;0;1974.0;30;8;8;64;1691994.97;Y;Y;0
0;1;0;ММБ;" Москва Тер-рия ""Север""";unknown;0;1913.0;26;6;3;62;0;N;Y;0
0;1;0;ММБ; Тюмень;unknown;0;1921.0;12;7;3;60;0;N;Y;0
0;1;0;ММБ; Нижний Новгород;unknown;0;1832.0;11;4;1;55;0;N;Y;0
0;1;0;ММБ;" Санкт-Петербург Тер-рия ""Юг""";unknown;0;1966.0;23;8;5;45;0;N;Y;0
0;1;0;ММБ; Ульяновск;unknown;0;1902.0;26;6;5;42;0;N;Y;0
0;0;0;ММБ; Екатеринбург;unknown;0;1830.0;16;1;4;49;0;N;Y;0
0;1;0;ММБ; Красногорск;unknown;0;2078.0;27;9;2;50;0;N;Y;0
0;1;0;ММБ; Новосибирск;unknown;0;1908.0;18;4;3;39;0;N;Y;0
0;1;0;ММБ;" Москва Тер-рия ""Восток""";unknown;0;1874.0;15;3;1;58;0;N;Y;0
0;1;0;ММБ; Липецк;unknown;0;2028.0;23;8;1;33;0;N;Y;0
0;1;1;ММБ; Апрелевка;unknown;0;1859.0;15;3;112;52;0;N;Y;0
0;1;1;ММБ; Королев;unknown;0;2127.0;13;12;69;34;0;N;Y;0
0;1;0;ММБ; Томск;unknown;0;1839.0;15;3;6;37;0;N;Y;0
0;1;1;ММБ; Орёл;unknown;0;1991.0;23;8;60;44;0;N;Y;0
0;1;0;ММБ; Омск;unknown;0;1866.0;11;4;5;52;0;N;Y;0
0;1;0;ММБ; Краснодар;unknown;0;2047.0;11;10;8;53;0;N;Y;0
0;1;0;ММБ; Воронеж;unknown;0;2027.0;20;9;8;35;0;N;Y;0
0;1;0;ММБ;" Санкт-Петербург Тер-рия ""Юг""";unknown;0;2076.0;15;11;4;33;0;N;Y;0
0;1;0;ММБ;" Москва Тер-рия ""Юг""";unknown;0;1927.0;26;6;4;49;0;N;Y;0
0;1;0;ММБ; Волгоград;unknown;0;1729.0;15;3;14;37;0;N;Y;0
0;1;0;ММБ; Санкт-Петербург;unknown;0;1755.0;11;4;2;49;0;N;Y;0
0;1;0;ММБ;" Москва Тер-рия ""Восток""";Отделение;0;685.0;15;3;12;54;0;N;Y;0
0;1;0;ММБ; Санкт-Петербург;unknown;0;1767.0;25;4;8;45;0;N;Y;0
0;1;0;ММБ; Белгород;unknown;0;1844.0;12;7;12;30;0;N;Y;0
0;1;0;ММБ; Омск;unknown;0;1793.0;22;5;4;40;0;N;Y;0
0;1;0;ММБ;" Москва Тер-рия ""Юг""";unknown;0;746.0;14;8;6;52;0;N;Y;0
0;0;0;ММБ; Саратов;unknown;0;1816.0;26;6;3;60;0;N;Y;0
0;1;0;ММБ; Пермь;unknown;0;1880.0;30;8;4;43;0;N;Y;0
0;1;1;ММБ; Екатеринбург;unknown;0;2000.0;4;10;110;53;0;N;Y;0
0;0;0;ММБ; Липецк;unknown;0;2012.0;18;10;5;65;0;N;Y;0
0;1;0;ММБ;" Москва Тер-рия ""Восток""";unknown;0;1815.0;18;4;1;35;0;N;Y;0
0;1;1;ММБ; Мытищи;unknown;0;1870.0;26;6;80;44;0;N;Y;0
0;1;0;ММБ; Набережные Челны;unknown;0;1926.0;14;8;3;40;0;N;Y;0
0;1;0;ММБ; Новосибирск;unknown;0;1795.0;11;4;4;42;0;N;Y;0
0;1;0;ММБ; Волгоград;unknown;0;561.0;14;8;9;48;0;N;Y;0
0;0;0;ММБ;" Москва Тер-рия ""Север""";unknown;0;2033.0;13;12;2;53;0;N;Y;0
0;1;0;ММБ; Казань;unknown;0;1794.0;18;4;4;32;0;N;Y;0
0;1;0;ММБ;Другое;unknown;0;1915.0;23;8;9;59;0;N;Y;0
0;1;0;ММБ;" Москва Тер-рия ""Север""";unknown;0;1910.0;23;8;5;43;0;N;Y;0
0;1;1;СКБ;Другое;unknown;0;1777.0;11;4;16;47;0;N;Y;0
0;1;0;ММБ; Ростов-на-Дону;unknown;0;1804.0;11;5;2;47;0;N;Y;0
0;1;0;ММБ;" Санкт-Петербург Тер-рия ""Север""";unknown;0;1783.0;18;4;16;49;0;N;Y;0
0;1;0;ММБ; Саратов;unknown;0;1850.0;26;6;7;29;0;N;Y;0
0;1;0;ММБ; Томск;unknown;0;1866.0;12;7;9;35;0;N;Y;0
0;1;0;ММБ; Домодедово;unknown;0;345.0;11;4;11;31;0;N;Y;0
0;1;0;ММБ;" Москва Тер-рия ""Восток""";unknown;0;1845.0;26;6;7;43;0;N;Y;0
0;1;0;ММБ;" Москва Тер-рия ""Север""";unknown;0;1735.0;15;3;2;58;0;N;Y;0
0;1;0;ММБ; Воронеж;Партнер;0;639.0;23;6;1;31;0;N;Y;0
0;1;0;ММБ; Челябинск;unknown;0;1789.0;14;8;6;39;0;N;Y;0
0;0;1;ММБ;" Москва Тер-рия ""Запад""";unknown;0;1761.0;19;7;35;37;0;N;Y;0
0;1;0;ММБ;" Санкт-Петербург Тер-рия ""Север""";unknown;0;1788.0;16;8;7;35;0;N;Y;0
0;1;0;ММБ;" Москва Тер-рия ""Север""";unknown;0;1794.0;12;6;5;44;0;N;Y;0
0;1;0;ММБ; Краснодар;unknown;0;1827.0;19;7;3;36;0;N;Y;0
0;1;1;ММБ; Белгород;unknown;0;1687.0;3;3;110;34;0;N;Y;0
0;0;1;ММБ; Омск;unknown;0;1262.0;14;8;135;52;0;N;Y;0
0;1;0;ММБ; Екатеринбург;unknown;0;1797.0;26;6;5;26;0;N;Y;0
0;1;0;ММБ; Волгоград;unknown;0;1811.0;12;7;6;47;0;N;Y;0
0;1;0;ММБ; Волгоград;unknown;0;1766.0;12;6;7;44;0;N;Y;0
0;1;0;ММБ; Омск;unknown;0;1792.0;12;7;2;39;0;N;Y;0
0;1;0;ММБ; Челябинск;unknown;0;1779.0;26;6;3;41;0;N;Y;0
0;1;0;ММБ; Ангарск;unknown;0;1821.0;14;8;10;27;0;N;Y;0
1;0;0;ММБ;" Санкт-Петербург Тер-рия ""Юг""";Партнер;0;438.0;30;8;2;32;0;N;Y;0
0;1;0;ММБ; Краснодар;unknown;0;1830.0;23;8;3;65;0;N;Y;0
0;1;0;ММБ; Пермь;unknown;0;1784.0;12;7;6;50;0;N;Y;0
0;1;0;ММБ;" Москва Тер-рия ""Запад""";unknown;0;1647.0;3;3;4;45;0;N;Y;0
0;1;0;ММБ; Санкт-Петербург;unknown;0;1763.0;20;9;8;41;0;N;Y;0
0;1;0;ММБ;" Москва Тер-рия ""Север""";unknown;0;1571.0;15;3;7;35;0;N;Y;0
0;1;0;ММБ;" Москва Тер-рия ""Юг""";unknown;0;1724.0;14;8;6;35;0;N;Y;0
0;1;0;ММБ; Ярославль;unknown;0;1510.0;17;1;3;37;0;N;Y;0
0;1;0;ММБ;" Москва Тер-рия ""Север""";unknown;0;1593.0;11;4;10;33;0;N;Y;0
0;0;0;ММБ; Орск;unknown;0;1550.0;6;3;4;40;0;N;Y;0
0;1;0;ММБ; Санкт-Петербург;unknown;0;1749.0;12;7;7;28;0;N;Y;0
0;1;0;ММБ; Омск;unknown;0;1810.0;20;9;5;46;0;N;Y;0
0;1;0;ММБ; Воронеж;unknown;0;1615.0;15;3;12;56;0;N;Y;0
0;1;1;ММБ;" Москва Тер-рия ""Юг""";unknown;0;1836.0;23;10;66;45;0;N;Y;0
0;1;0;ММБ;" Москва Тер-рия ""Юг""";unknown;0;1675.0;15;5;6;32;0;N;Y;0
0;1;0;ММБ; Челябинск;unknown;0;1698.0;12;6;4;33;0;N;Y;0
0;1;0;ММБ;" Москва Тер-рия ""Восток""";unknown;0;1592.0;21;2;1;64;0;N;Y;0
0;1;0;ММБ;" Москва Тер-рия ""Запад""";unknown;0;1769.0;23;8;7;62;0;N;Y;0
0;1;0;ММБ; Волгоград;unknown;0;1767.0;23;8;7;54;0;N;Y;0
0;1;0;ММБ; Сочи;unknown;0;1583.0;27;2;6;43;0;N;Y;0
0;1;0;ММБ;" Москва Тер-рия ""Север""";unknown;0;1596.0;15;3;5;44;0;N;Y;0
0;0;0;ММБ; Новокузнецк;unknown;0;1630.0;18;4;1;42;0;N;Y;0
0;1;0;ММБ; Краснодар;unknown;0;1652.0;11;5;3;45;0;N;Y;0
0;1;0;ММБ; Владивосток;unknown;0;1691.0;26;6;8;46;0;N;Y;0
0;1;0;ММБ; Тула;unknown;0;1739.0;14;8;4;49;0;N;Y;0
0;1;1;ММБ;" Санкт-Петербург Тер-рия ""Юг""";unknown;0;1689.0;26;6;117;50;0;N;Y;0
0;1;0;ММБ; Мурманск;unknown;0;1343.0;12;7;6;41;170351.83;Y;N;0
0;1;0;ММБ;" Москва Тер-рия ""Юг""";unknown;0;1591.0;12;6;10;55;0;N;Y;0
0;1;0;ММБ; Санкт-Петербург;unknown;0;1524.0;11;4;4;41;0;N;Y;0
0;1;0;ММБ; Иркутск;unknown;0;1615.0;12;7;6;53;0;N;Y;0
0;1;0;ММБ; Тула;unknown;0;1645.0;16;8;2;24;0;N;Y;0
0;1;0;ММБ; Липецк;unknown;0;1640.0;14;8;5;37;0;N;Y;0
0;1;0;ММБ; Красноярск;unknown;0;1648.0;23;8;1;30;0;N;Y;0
0;1;0;ММБ; Казань;unknown;0;1590.0;26;6;2;42;0;N;Y;0
0;1;0;ММБ; Казань;unknown;0;1642.0;12;6;1;48;0;N;Y;0
0;1;0;ММБ; Красногорск;unknown;0;1641.0;12;6;2;37;0;N;Y;0
0;1;0;ММБ; Чебоксары;unknown;0;1703.0;14;8;7;40;0;N;Y;0
0;1;0;ММБ; Чебоксары;unknown;0;627.0;14;8;29;40;0;N;Y;0
0;1;0;ММБ; Липецк;Онлайн;0;1091.0;12;7;2;34;0;N;Y;0
0;1;0;ММБ;" Москва Тер-рия ""Восток""";unknown;0;1625.0;26;6;1;25;0;N;Y;0
0;1;0;ММБ;Другое;unknown;0;1678.0;23;8;2;57;0;N;Y;0
0;1;0;ММБ; Мытищи;unknown;0;1574.0;11;5;3;36;0;N;Y;0
0;0;0;ММБ; Краснодар;unknown;0;1589.0;22;5;4;39;0;N;Y;0
0;1;0;ММБ;" Москва Тер-рия ""Север""";unknown;0;1552.0;18;4;6;42;0;N;Y;0
0;1;0;ММБ; Ижевск;unknown;0;1612.0;26;6;3;40;0;N;Y;0
0;1;0;ММБ; Ростов-на-Дону;unknown;0;1663.0;14;8;2;28;0;N;Y;0
0;1;0;ММБ; Ангарск;unknown;0;1660.0;14;8;9;41;0;N;Y;0
0;0;0;ММБ;Другое;unknown;0;1565.0;11;5;3;38;0;N;Y;0
0;1;0;ММБ; Санкт-Петербург;unknown;0;1725.0;23;10;73;44;0;N;Y;270000
0;1;1;ММБ; Уфа;unknown;0;1592.0;16;8;128;36;263109.96;Y;N;0
0;1;0;ММБ;" Москва Тер-рия ""Север""";unknown;0;1434.0;15;3;6;44;0;N;Y;0
0;1;0;ММБ; Магнитогорск;unknown;0;1601.0;30;8;6;41;335419.08;Y;Y;0
0;1;0;ММБ;" Санкт-Петербург Тер-рия ""Север""";unknown;0;1551.0;12;7;7;42;0;N;Y;0
0;1;0;ММБ;" Москва Тер-рия ""Север""";unknown;0;1459.0;11;4;4;28;0;N;Y;2500000
0;0;1;ММБ; Калининград;unknown;0;1431.0;15;3;156;32;0;N;Y;0
0;1;0;ММБ;" Москва Тер-рия ""Юг""";unknown;0;1546.0;12;7;2;50;0;N;Y;0
0;1;0;ММБ; Нижний Новгород;unknown;0;1515.0;12;6;2;36;0;N;Y;0
0;1;0;ММБ; Челябинск;unknown;0;1586.0;23;8;1;41;0;N;Y;0
0;1;0;ММБ; Челябинск;unknown;0;1528.0;26;6;2;47;0;N;Y;0
0;1;0;ММБ;" Москва Тер-рия ""Запад""";unknown;0;1483.0;15;3;2;49;0;N;Y;0
0;1;0;ММБ; Новокузнецк;unknown;0;1358.0;20;9;7;25;0;N;Y;0
0;1;0;ММБ; Ростов-на-Дону;Отделение;0;800.0;29;5;6;39;0;N;Y;0
0;1;1;ММБ;" Москва Тер-рия ""Юг""";unknown;0;1457.0;3;3;175;32;0;N;Y;0
0;1;0;ММБ; Белгород;unknown;0;1621.0;14;8;3;46;0;N;Y;0
0;1;0;ММБ; Набережные Челны;unknown;0;1570.0;26;6;8;37;0;N;Y;0
0;1;0;ММБ;" Москва Тер-рия ""Юг""";unknown;0;1584.0;12;7;2;37;0;N;Y;0
0;1;0;ММБ; Санкт-Петербург;unknown;0;1584.0;12;7;2;31;0;N;Y;0
0;1;0;ММБ; Самара;unknown;0;1581.0;12;7;5;54;0;N;Y;0
0;0;0;ММБ; Саратов;unknown;0;1454.0;15;3;3;26;0;N;Y;0
0;0;0;ММБ;Другое;unknown;0;1632.0;11;9;1;38;1478943.08;Y;N;0
0;1;1;ММБ; Краснодар;unknown;0;1602.0;23;8;36;50;0;N;Y;0
0;0;0;ММБ; Самара;unknown;0;1115.0;25;4;4;46;0;N;Y;0
0;1;0;ММБ; Нижний Новгород;unknown;0;1545.0;26;6;6;42;0;N;Y;0
0;1;0;ММБ; Липецк;unknown;0;1496.0;11;5;4;32;0;N;Y;0
0;1;0;ММБ; Домодедово;unknown;0;1363.0;15;3;9;44;0;N;Y;0
0;1;0;ММБ; Пермь;unknown;0;1467.0;26;6;7;52;0;N;Y;0
0;0;0;ММБ; Липецк;unknown;0;1480.0;12;7;5;34;0;N;Y;0
0;1;0;ММБ; Ярославль;unknown;0;1517.0;23;8;7;37;0;N;Y;0
0;1;0;ММБ; Челябинск;unknown;0;1629.0;18;12;4;55;0;N;Y;0
0;0;0;ММБ;" Санкт-Петербург Тер-рия ""Север""";unknown;0;1665.0;15;11;9;27;0;N;Y;0
0;1;0;ММБ; Казань;unknown;0;1413.0;15;3;6;36;0;N;Y;0
0;1;0;ММБ; Омск;unknown;0;1550.0;2;8;13;45;0;N;Y;0
0;1;0;ММБ;" Санкт-Петербург Тер-рия ""Юг""";unknown;0;1411.0;15;3;4;44;0;N;Y;0
0;1;0;ММБ; Челябинск;unknown;0;474.0;18;10;2;44;0;N;Y;0
0;1;1;ММБ; Липецк;unknown;0;1410.0;15;3;220;30;374348.11;Y;Y;0
0;1;1;ММБ;" Москва Тер-рия ""Юг""";unknown;0;1398.0;15;3;120;39;0;N;Y;0
0;1;0;ММБ;" Москва Тер-рия ""Восток""";unknown;0;1585.0;20;9;4;36;0;N;Y;0
0;1;0;ММБ; Кемерово;unknown;0;1558.0;23;8;3;56;0;N;Y;0
0;0;0;ММБ;" Москва Тер-рия ""Запад""";unknown;0;1552.0;23;8;7;47;0;N;Y;0
0;1;0;ММБ; Волгоград;unknown;0;1424.0;25;4;146;30;0;N;Y;0
0;1;1;ММБ;" Санкт-Петербург Тер-рия ""Юг""";unknown;0;1386.0;15;3;93;27;0;N;Y;0
0;1;0;ММБ;" Москва Тер-рия ""Центр""";unknown;0;1573.0;20;9;6;47;0;N;Y;0
0;1;0;ММБ; Омск;unknown;0;1600.0;18;10;9;36;2398348.48;Y;Y;0
0;0;0;ММБ; Краснодар;unknown;0;1357.0;15;3;5;42;0;N;Y;0
0;1;0;ММБ; Орск;unknown;0;1558.0;11;9;13;33;0;N;Y;0
0;1;0;ММБ;Другое;unknown;0;1537.0;23;8;11;41;0;N;Y;0
0;1;0;ММБ; Самара;unknown;0;1404.0;11;4;4;41;0;N;Y;0
0;1;0;ММБ; Калуга;unknown;0;1335.0;18;4;2;50;0;N;Y;0
0;1;0;ММБ; Санкт-Петербург;unknown;0;1467.0;30;8;6;49;266944.4;Y;N;0
0;1;0;ММБ;" Москва Тер-рия ""Восток""";unknown;0;1572.0;13;12;8;42;0;N;Y;0
0;1;0;ММБ;" Москва Тер-рия ""Север""";unknown;0;1316.0;31;3;6;45;0;N;Y;0
0;1;0;ММБ;" Москва Тер-рия ""Север""";unknown;0;1396.0;26;6;3;47;0;N;Y;0
0;1;0;ММБ;" Москва Тер-рия ""Восток""";unknown;0;1376.0;12;6;5;39;0;N;Y;0
0;1;0;ММБ; Ростов-на-дону;unknown;0;487.0;24;7;29;34;0;N;Y;0
0;1;0;ММБ;" Санкт-Петербург Тер-рия ""Юг""";unknown;0;1495.0;11;10;11;43;0;N;Y;0
0;0;0;ММБ;" Москва Тер-рия ""Юг""";unknown;0;1508.0;21;8;3;55;0;N;Y;0
0;1;0;ММБ;Другое;unknown;0;1552.0;4;10;5;47;0;N;Y;0
0;1;0;ММБ; Белгород;unknown;0;1448.0;22;6;3;51;0;N;Y;0
0;1;0;ММБ; Тюмень;unknown;0;1450.0;26;6;6;37;0;N;Y;0
0;1;0;ММБ; Омск;unknown;0;1509.0;23;8;5;38;0;N;Y;3015000
0;1;0;ММБ;" Москва Тер-рия ""Север""";unknown;0;1463.0;12;7;5;40;0;N;Y;0
0;1;0;ММБ; Ростов-на-дону;unknown;0;1532.0;20;9;3;44;0;N;Y;0
0;1;0;ММБ;" Москва Тер-рия ""Юг""";unknown;0;1343.0;15;3;3;54;0;N;Y;0
0;1;0;ММБ; Краснодар;unknown;0;1343.0;15;3;5;59;0;N;Y;0
0;1;1;ММБ;" Санкт-Петербург Тер-рия ""Север""";unknown;0;1468.0;19;7;66;48;0;N;Y;0
0;1;0;ММБ; Воронеж;unknown;0;1502.0;23;8;4;32;0;N;Y;0
0;1;0;ММБ;" Москва Тер-рия ""Запад""";unknown;0;1336.0;15;3;9;36;0;N;Y;0
0;0;0;ММБ; Казань;unknown;0;1336.0;15;3;3;32;0;N;Y;0
0;1;0;ММБ; Альметьевск;unknown;0;1609.0;13;12;24;48;0;N;Y;0
0;1;0;ММБ; Уфа;unknown;0;1501.0;30;8;3;62;293148.26;Y;N;0
0;1;0;ММБ; Уфа;unknown;0;1432.0;26;6;3;31;0;N;Y;0
0;1;0;ММБ; Зеленоград;unknown;0;1330.0;15;3;6;27;180904.77;Y;Y;0
0;1;0;ММБ; Самара;unknown;0;1449.0;12;7;3;59;0;N;Y;0
0;1;0;ММБ; Новосибирск;unknown;0;1329.0;15;3;4;46;0;N;Y;0
0;0;0;ММБ; Екатеринбург;unknown;0;1489.0;23;8;13;38;0;N;Y;0
0;0;0;ММБ; Магнитогорск;unknown;0;1328.0;15;3;31;32;0;N;Y;0
0;1;0;ММБ; Ульяновск;unknown;0;1452.0;19;7;13;48;56392.81;Y;N;0
0;1;0;СКБ;Другое;unknown;0;1438.0;12;7;4;55;0;N;Y;0
0;1;0;ММБ; Красноярск;unknown;0;1418.0;22;6;4;51;159509.36;Y;N;0
0;1;1;ММБ; Тула;unknown;0;1477.0;23;8;39;52;0;N;Y;0
0;1;0;ММБ;" Москва Тер-рия ""Юг""";unknown;0;1496.0;11;9;1;45;0;N;Y;0
0;1;0;ММБ;" Москва Тер-рия ""Север""";unknown;0;1316.0;15;3;1;58;0;N;Y;0
0;0;1;ММБ;" Москва Тер-рия ""Запад""";unknown;0;1410.0;26;6;77;45;0;N;Y;0
0;1;0;ММБ;" Москва Тер-рия ""Север""";unknown;0;1501.0;27;9;2;60;0;N;Y;0
0;1;0;ММБ; Екатеринбург;Онлайн;0;645.0;12;6;20;51;0;N;Y;0
0;1;0;ММБ;Другое;unknown;0;1466.0;23;8;5;55;0;N;Y;0
0;1;1;ММБ; Липецк;unknown;0;1442.0;2;8;119;34;0;N;Y;0
0;1;0;ММБ; Санкт-Петербург;unknown;0;1456.0;16;8;12;44;0;N;Y;0
0;1;0;ММБ; Краснодар;unknown;0;1369.0;22;5;5;49;0;N;Y;0
0;1;0;ММБ;" Москва Тер-рия ""Север""";unknown;0;1302.0;15;3;5;36;0;N;Y;0
0;1;0;ММБ; Зеленоград;unknown;0;1261.0;11;4;3;38;0;N;Y;0
0;1;1;ММБ; Липецк;unknown;0;1385.0;16;8;78;37;159890.89;Y;N;0
0;1;0;ММБ;" Москва Тер-рия ""Север""";unknown;0;1476.0;15;11;5;38;0;N;Y;0
0;1;0;ММБ; Екатеринбург;unknown;0;1326.0;26;6;10;40;0;N;Y;0
0;1;1;ММБ; Челябинск;unknown;0;1446.0;23;10;55;41;0;N;Y;0
0;1;0;ММБ;" Москва Тер-рия ""Юг""";unknown;0;1261.0;21;4;3;34;0;N;Y;0
0;0;0;ММБ;" Москва Тер-рия ""Север""";unknown;0;1374.0;14;8;3;39;0;N;Y;0
0;1;1;ММБ; Владивосток;unknown;0;1166.0;22;5;150;45;844444.44;Y;Y;0
0;0;0;ММБ; Ростов-на-дону;unknown;0;1209.0;3;3;1;53;0;N;Y;0
0;1;0;ММБ; Волгоград;unknown;0;1469.0;22;11;22;39;0;N;Y;0
0;1;0;ММБ; Новосибирск;unknown;0;1496.0;18;12;2;46;0;N;Y;0
0;1;0;ММБ; Тула;unknown;0;1370.0;16;8;4;30;0;N;Y;0
0;1;0;ММБ;" Москва Тер-рия ""Север""";unknown;0;1319.0;26;6;16;53;0;N;Y;0
0;1;0;ММБ;" Москва Тер-рия ""Север""";unknown;0;163.0;11;4;11;26;0;N;Y;0
0;1;0;ММБ;" Санкт-Петербург Тер-рия ""Юг""";unknown;0;1387.0;26;6;1;47;0;N;Y;0
0;1;0;ММБ; Екатеринбург;unknown;0;1432.0;14;8;3;45;0;N;Y;0
0;1;0;ММБ; Пермь;Онлайн;0;1154.0;11;10;6;33;0;N;Y;0
0;1;0;ММБ;" Москва Тер-рия ""Юг""";unknown;0;1301.0;11;5;3;34;0;N;Y;0
0;1;1;ММБ; Омск;unknown;0;1549.0;18;12;120;32;138241.8;Y;Y;0
0;1;0;ММБ; Краснодар;unknown;0;1460.0;20;9;4;37;8888888.88;Y;Y;0
0;1;0;ММБ; Волгоград;unknown;0;1283.0;18;4;3;34;0;N;Y;0
0;1;1;ММБ;" Москва Тер-рия ""Север""";unknown;0;1497.0;15;11;195;36;0;N;Y;0
0;1;1;ММБ; Орск;unknown;0;1411.0;23;8;114;45;1666666.64;Y;Y;0
0;0;0;ММБ; Краснодар;unknown;0;1368.0;12;7;4;34;0;N;Y;0
0;1;0;ММБ; Нижний Новгород;unknown;0;1453.0;11;10;4;37;0;N;Y;0
0;0;0;ММБ;Другое;unknown;0;1278.0;25;4;11;59;0;N;Y;0
0;1;0;ММБ; Тверь;unknown;0;1172.0;15;3;5;34;0;N;Y;0
1;0;0;ММБ; Калуга;unknown;0;1434.0;13;12;4;43;0;N;Y;0
0;1;0;ММБ; Уфа;unknown;0;1334.0;11;9;14;41;0;N;Y;0
0;1;0;ММБ; Санкт-Петербург;unknown;0;1319.0;23;8;8;28;0;N;Y;0
0;1;0;ММБ;" Москва Тер-рия ""Север""";unknown;0;1342.0;20;9;1;53;0;N;Y;0
0;1;0;ММБ; Тюмень;unknown;0;1272.0;12;7;9;37;0;N;Y;0
0;1;0;ММБ; Краснодар;unknown;0;1185.0;18;4;4;59;0;N;Y;0
0;0;0;ММБ; Саратов;unknown;0;1335.0;20;9;8;39;0;N;Y;0
0;0;0;ММБ; Ростов-на-Дону;unknown;0;1263.0;12;7;1;37;0;N;Y;0
0;1;0;ММБ;" Москва Тер-рия ""Север""";unknown;0;1144.0;15;3;4;34;0;N;Y;0
0;1;0;ММБ; Челябинск;unknown;0;1141.0;15;3;7;44;0;N;Y;0
0;1;0;ММБ;Другое;unknown;0;1307.0;22;6;1;29;0;N;Y;0
0;0;0;ММБ;Другое;unknown;0;1361.0;14;8;1;48;0;N;Y;0
0;1;0;ММБ; Самара;unknown;0;1199.0;6;3;7;36;42760.51;Y;N;0
0;1;0;ММБ; Волгоград;unknown;0;1362.0;16;8;11;32;0;N;Y;0
0;1;0;ММБ;" Москва Тер-рия ""Север""";unknown;0;1200.0;15;3;3;52;0;N;Y;0
0;1;0;ММБ; Саратов;unknown;0;1348.0;14;8;5;29;0;N;Y;0
0;1;0;ММБ; Краснодар;unknown;0;729.0;11;4;10;49;0;N;Y;0
0;1;0;ММБ; Рязань;unknown;0;1297.0;26;6;6;53;0;N;Y;0
0;1;0;ММБ; Пермь;unknown;0;1346.0;14;8;3;52;0;N;Y;0
0;1;0;ММБ;Другое;unknown;0;1445.0;22;11;5;49;0;N;Y;0
0;1;0;ММБ; Ставрополь;unknown;0;1379.0;20;9;2;54;0;N;Y;0
0;0;0;ММБ; Екатеринбург;unknown;0;1350.0;23;8;11;35;0;N;Y;0
0;1;0;ММБ; Самара;unknown;0;1213.0;11;4;7;60;0;N;Y;0
0;1;0;ММБ; Калининград;unknown;0;1182.0;15;3;4;121;0;N;Y;0
0;1;0;ММБ; Нижний Новгород;unknown;0;1286.0;26;6;3;37;0;N;Y;0
0;1;0;ММБ; Самара;unknown;0;1286.0;26;6;1;34;0;N;Y;0
0;0;0;ММБ;" Москва Тер-рия ""Юг""";unknown;0;1332.0;14;8;1;49;0;N;Y;0
0;1;0;ММБ; Казань;unknown;0;1333.0;16;8;1;51;0;N;Y;0
0;1;0;ММБ; Екатеринбург;unknown;0;1277.0;26;6;6;65;0;N;Y;0
0;1;0;ММБ;" Москва Тер-рия ""Север""";unknown;0;1240.0;14;8;7;38;0;N;Y;0
0;1;0;ММБ;" Москва Тер-рия ""Юг""";unknown;0;1116.0;11;4;11;39;0;N;Y;0
0;1;0;ММБ; Самара;unknown;0;1192.0;26;6;6;41;0;N;Y;0
0;1;0;ММБ; Красноярск;unknown;0;1277.0;20;9;1;38;0;N;Y;0
0;1;0;ММБ; Владивосток;unknown;0;1174.0;12;6;9;34;0;N;Y;0
1;0;0;ММБ;" Москва Тер-рия ""Восток""";unknown;0;1072.0;3;3;8;31;0;N;Y;0
0;1;0;ММБ; Набережные Челны;unknown;0;354.0;15;3;9;46;0;N;Y;0
0;1;0;ММБ;" Москва Тер-рия ""Запад""";unknown;0;1078.0;15;3;8;28;0;N;Y;0
0;1;0;ММБ; Пенза;Партнер;0;570.0;11;4;5;35;0;N;Y;0
0;1;0;ММБ;" Санкт-Петербург Тер-рия ""Юг""";unknown;0;1294.0;18;10;25;58;0;N;Y;0
0;0;0;ММБ; Нижний Новгород;unknown;0;1055.0;3;3;12;38;0;N;Y;0
0;1;0;ММБ; Санкт-Петербург;unknown;0;1244.0;26;6;1;31;0;N;Y;0
0;1;1;ММБ;" Москва Тер-рия ""Юг""";unknown;0;1302.0;23;8;115;35;1224904.55;Y;Y;0
0;1;0;ММБ; Оренбург;unknown;0;1329.0;20;9;4;42;0;N;Y;0
0;1;0;ММБ; Краснодар;unknown;0;1167.0;11;4;4;37;0;N;Y;0
0;0;0;ММБ; Ростов-на-Дону;unknown;1;1300.0;23;8;14;49;0;N;Y;0
0;1;1;ММБ; Красноярск;unknown;0;1356.0;18;10;100;33;0;N;Y;0
0;0;0;ММБ; Набережные Челны;unknown;0;1139.0;15;3;12;36;0;N;Y;0
0;1;0;ММБ; Краснодар;unknown;0;1166.0;11;4;12;36;0;N;N;0
0;1;1;ММБ; Ярославль;unknown;0;1165.0;11;4;95;40;0;N;Y;0
0;1;0;ММБ; Ростов-на-дону;unknown;0;1137.0;15;3;9;38;0;N;Y;0
0;1;0;ММБ; Люберцы;unknown;0;1137.0;15;3;18;33;0;N;Y;0
0;1;0;ММБ; Истра;unknown;0;1166.0;18;4;3;38;0;N;Y;0
1;1;0;ММБ; Хабаровск;unknown;0;1294.0;23;8;1;46;0;N;Y;0
0;1;0;ММБ; Пермь;unknown;0;1321.0;20;9;10;36;0;N;Y;0
0;1;0;ММБ; Самара;unknown;0;1131.0;15;3;2;44;0;N;Y;0
0;1;0;ММБ;" Москва Тер-рия ""Центр""";unknown;0;1233.0;26;6;5;59;0;N;Y;0
0;1;0;ММБ; Новосибирск;unknown;0;1230.0;26;6;9;30;0;N;Y;0
0;0;0;ММБ; Белгород;unknown;0;1125.0;15;3;8;36;0;N;Y;0
0;0;0;ММБ; Краснодар;unknown;0;1314.0;20;9;4;31;0;N;Y;0
0;1;1;ММБ;" Москва Тер-рия ""Запад""";unknown;0;1107.0;3;3;301;41;0;N;Y;0
1;1;0;ММБ; Самара;unknown;0;1344.0;23;10;10;52;349999.95;Y;Y;0
0;1;0;ММБ; Нижний Новгород;unknown;0;1231.0;12;7;4;42;0;N;Y;0
1;0;0;ММБ; Мурманск;unknown;0;1230.0;12;7;6;36;0;N;Y;0
0;1;0;ММБ; Липецк;unknown;0;1084.0;21;2;8;44;0;N;Y;0
0;1;0;ММБ; Кемерово;unknown;0;1194.0;12;6;6;37;0;N;Y;0
0;0;0;ММБ; Самара;unknown;0;1265.0;30;8;12;39;0;N;Y;0
0;0;0;ММБ; Люберцы;unknown;0;1053.0;18;4;12;33;0;N;Y;0
0;0;0;ММБ; Нижний Новгород;unknown;0;1177.0;21;8;7;58;0;N;Y;0
0;1;0;ММБ; Ижевск;unknown;0;1019.0;15;3;3;24;0;N;Y;0
0;1;0;ММБ;" Москва Тер-рия ""Юг""";unknown;0;1045.0;11;4;15;32;0;N;Y;0
0;1;0;ММБ;" Санкт-Петербург Тер-рия ""Север""";unknown;0;1115.0;26;6;4;35;0;N;Y;1500000
0;1;0;ММБ; Оренбург;unknown;0;961.0;23;1;2;40;0;N;Y;0
0;1;0;ММБ; Красноярск;unknown;0;1010.0;15;3;3;59;0;N;Y;0
0;0;1;ММБ; Тюмень;unknown;0;1114.0;26;6;125;43;0;N;Y;0
0;0;0;ММБ; Екатеринбург;unknown;0;1045.0;18;4;2;34;0;N;Y;0
0;1;0;ММБ;" Москва Тер-рия ""Юг""";unknown;0;1006.0;15;3;5;37;0;N;Y;0
0;1;0;ММБ; Липецк;unknown;0;1166.0;23;8;6;55;0;N;Y;0
0;1;0;ММБ; Ставрополь;unknown;0;1202.0;24;7;5;43;0;N;Y;0
0;0;0;ММБ; Альметьевск;unknown;0;1314.0;15;11;8;33;0;N;Y;0
0;1;0;ММБ; Красноярск;unknown;0;1222.0;14;8;2;54;0;N;Y;0
0;1;0;ММБ;Другое;unknown;0;1070.0;15;3;8;35;0;N;Y;0
0;1;0;ММБ; Владивосток;unknown;0;1068.0;15;3;15;33;0;N;Y;0
0;0;0;ММБ;" Москва Тер-рия ""Запад""";unknown;0;1068.0;15;3;6;53;0;N;Y;0
0;1;0;ММБ;" Москва Тер-рия ""Восток""";unknown;0;1228.0;23;8;16;47;0;N;Y;0
0;1;0;ММБ; Липецк;unknown;0;1089.0;11;4;13;50;0;N;Y;0
0;1;0;ММБ; Нижний Новгород;unknown;0;1099.0;21;4;7;27;0;N;Y;0
0;0;1;ММБ;" Москва Тер-рия ""Запад""";unknown;0;1050.0;3;3;115;27;0;N;Y;0
1;1;0;ММБ;" Москва Тер-рия ""Запад""";unknown;0;1060.0;15;3;5;29;0;N;Y;0
0;0;0;ММБ; Краснодар;unknown;0;1187.0;19;7;6;59;0;N;N;9058000
0;1;0;ММБ; Нижний Новгород;unknown;0;1087.0;11;4;23;31;0;N;Y;0
0;1;0;ММБ; Оренбург;unknown;1;1209.0;14;8;5;35;0;N;Y;0
0;1;0;ММБ; Санкт-Петербург;unknown;0;1080.0;4;4;1;61;0;N;Y;0
0;1;0;ММБ; Пермь;unknown;0;1097.0;25;4;11;47;0;N;Y;0
0;1;0;ММБ;" Москва Тер-рия ""Запад""";unknown;0;1082.0;11;4;12;38;0;N;Y;0
0;0;0;ММБ; Самара;unknown;0;1074.0;11;4;5;47;0;N;Y;0
1;1;0;ММБ; Магнитогорск;unknown;0;1253.0;11;10;5;50;0;N;Y;0
0;1;0;ММБ;" Москва Тер-рия ""Восток""";unknown;0;1134.0;12;6;5;39;0;N;Y;0
0;1;0;ММБ; Одинцово;unknown;0;1194.0;14;8;4;41;0;N;Y;0
0;1;1;СКБ; Пермь;unknown;0;1146.0;26;6;35;45;0;N;Y;0
0;1;0;ММБ; Нижний Новгород;unknown;0;1162.0;13;7;9;34;0;N;Y;0
1;1;1;ММБ;" Москва Тер-рия ""Север""";unknown;0;1280.0;15;11;252;39;0;N;Y;0
0;0;0;ММБ; Красноярск;unknown;0;1034.0;15;3;4;30;0;N;Y;0
0;1;0;ММБ; Новокузнецк;unknown;0;1035.0;15;3;13;33;0;N;Y;0
1;1;0;ММБ;" Москва Тер-рия ""Север""";unknown;0;1034.0;15;3;4;36;0;N;Y;0
1;1;0;ММБ; Балашиха;unknown;0;1034.0;15;3;5;44;0;N;Y;0
1;0;0;ММБ;" Москва Тер-рия ""Юг""";unknown;0;1135.0;26;6;1;40;0;N;Y;0
0;1;0;ММБ; Химки;unknown;0;1181.0;14;8;21;41;0;N;Y;0
0;1;0;ММБ;" Москва Тер-рия ""Север""";Онлайн;0;997.0;12;7;8;38;0;N;Y;0
0;0;1;ММБ; Екатеринбург;unknown;0;1278.0;22;11;90;23;0;N;Y;0
0;1;0;ММБ; Екатеринбург;unknown;0;1115.0;12;6;8;41;0;N;Y;0
0;0;0;ММБ;" Санкт-Петербург Тер-рия ""Юг""";unknown;0;1145.0;12;7;6;32;0;N;Y;0
0;1;0;ММБ; Уфа;unknown;0;990.0;15;3;3;57;0;N;Y;0
0;1;0;ММБ;" Москва Тер-рия ""Восток""";Онлайн;0;930.0;21;2;3;45;0;N;Y;0
0;1;1;ММБ; Пенза;Партнер;0;1223.0;13;12;192;29;0;N;Y;0
0;1;0;ММБ; Ставрополь;unknown;0;976.0;11;4;27;37;2480955.76;Y;Y;0
1;1;0;ММБ; Калуга;Онлайн;0;1136.0;20;9;8;50;0;N;Y;0
0;1;0;ММБ; Мурманск;unknown;0;467.0;12;7;7;44;0;N;Y;0
0;1;0;ММБ; Омск;Партнер;0;1097.0;14;8;3;56;0;N;Y;0
0;1;0;ММБ; Красноярск;Отделение;0;1140.0;27;9;2;54;0;N;Y;0
0;1;0;ММБ; Набережные Челны;Маркетинговая кампания;0;1123.0;11;9;12;42;0;N;Y;0
0;1;0;ММБ; Сочи;Выездной канал;0;1040.0;22;6;7;34;0;N;Y;0
0;1;0;ММБ; Калининград;Партнер;0;970.0;11;4;6;27;0;N;Y;0
0;0;0;ММБ; Уфа;Партнер;0;1197.0;29;11;8;49;0;N;Y;0
0;1;0;ММБ;" Москва Тер-рия ""Запад""";Отделение;0;1091.0;16;8;8;46;0;N;Y;0
0;0;0;ММБ;" Москва Тер-рия ""Юг""";unknown;0;999.0;15;3;3;27;0;N;Y;0
0;1;0;ММБ; Липецк;unknown;0;936.0;18;7;18;58;7092.17;Y;Y;0
0;1;0;ММБ;" Москва Тер-рия ""Север""";Онлайн;0;986.0;15;3;3;35;0;N;Y;0
0;1;0;ММБ; Санкт-Петербург;unknown;0;1021.0;11;4;2;33;0;N;Y;0
0;1;0;ММБ; Красноярск;unknown;0;1007.0;29;3;6;34;0;N;Y;0
0;1;0;ММБ; Екатеринбург;unknown;0;1152.0;23;8;2;64;0;N;Y;0
0;1;0;ММБ; Воронеж;unknown;0;1181.0;20;9;5;52;0;N;Y;0
0;1;0;ММБ; Санкт-Петербург;unknown;0;1201.0;11;10;10;42;0;N;Y;0
0;0;0;ММБ; Уфа;Отделение;0;987.0;15;3;8;34;0;N;Y;0
0;1;0;ММБ; Саратов;unknown;0;986.0;15;3;2;35;0;N;Y;0
1;1;0;ММБ; Магнитогорск;Отделение;0;1088.0;26;6;4;47;0;N;Y;4200000
0;1;0;ММБ; Краснодар;unknown;0;1145.0;23;8;6;29;0;N;Y;0
0;0;0;ММБ; Санкт-Петербург;Отделение;0;1052.0;22;5;22;46;0;N;Y;0
0;0;0;ММБ; Калининград;unknown;0;980.0;15;3;10;42;0;N;Y;0
0;1;0;ММБ; Екатеринбург;unknown;0;979.0;15;3;8;49;0;N;Y;0
0;1;0;ММБ; Екатеринбург;Онлайн;0;1081.0;26;6;3;31;0;N;Y;0
0;0;0;ММБ; Тула;Онлайн;0;1102.0;18;7;2;50;0;N;Y;0
0;1;0;ММБ; Пермь;unknown;0;1006.0;18;4;11;35;0;N;Y;0
0;1;0;ММБ; Ростов-на-Дону;unknown;0;1075.0;26;6;4;36;0;N;Y;0
0;1;0;ММБ; Томск;Отделение;0;1039.0;22;5;8;33;0;N;Y;0
0;0;0;ММБ; Рязань;unknown;0;976.0;21;3;1;32;0;N;Y;0
0;1;0;ММБ; Сочи;Онлайн;0;1118.0;23;8;4;30;0;N;Y;0
0;1;1;ММБ;" Москва Тер-рия ""Запад""";unknown;0;1112.0;16;8;192;38;0;N;Y;0
0;0;0;ММБ;Другое;Отделение;0;1076.0;12;7;2;31;0;N;Y;0
0;1;0;ММБ; Якутск;unknown;0;886.0;6;3;10;41;0;N;Y;0
0;1;0;ММБ; Тула;Онлайн;0;1012.0;18;7;15;41;0;N;Y;0
0;1;0;ММБ;" Москва Тер-рия ""Запад""";Онлайн;0;926.0;18;4;10;45;0;N;Y;0
0;1;0;ММБ; Рязань;Онлайн;0;1165.0;13;12;6;44;0;N;Y;0
0;1;0;ММБ; Красноярск;Партнер;0;1177.0;25;12;22;44;0;N;Y;0
0;0;0;ММБ; Владивосток;unknown;0;1015.0;19;7;1;50;0;N;Y;0
0;1;0;ММБ;" Москва Тер-рия ""Юг""";unknown;0;991.0;26;6;10;49;0;N;Y;0
0;1;0;ММБ; Тюмень;Онлайн;0;1047.0;23;8;5;27;0;N;Y;0
0;1;0;ММБ; Воронеж;unknown;0;1055.0;30;8;4;33;0;N;Y;0
0;1;0;ММБ; Воронеж;Отделение;0;1047.0;23;8;16;35;0;N;Y;0
0;1;0;ММБ;" Москва Тер-рия ""Запад""";Онлайн;0;909.0;11;4;3;24;0;N;Y;0
1;1;0;ММБ; Краснодар;Партнер;0;1039.0;26;6;5;43;0;N;Y;0
0;1;0;ММБ;" Москва Тер-рия ""Запад""";unknown;0;690.0;12;7;4;52;0;N;Y;0
0;1;0;ММБ;" Москва Тер-рия ""Юг""";Онлайн;0;970.0;18;4;1;30;0;N;Y;0
1;1;0;ММБ; Красноярск;Партнер;0;936.0;15;3;7;54;0;N;Y;0
0;1;0;ММБ; Мурманск;Онлайн;0;935.0;15;3;8;43;0;N;Y;0
0;1;0;ММБ;" Москва Тер-рия ""Север""";unknown;0;962.0;11;4;6;35;0;N;Y;0
0;1;0;ММБ; Екатеринбург;unknown;0;388.0;20;9;12;47;0;N;Y;0
0;1;0;ММБ; Пенза;unknown;0;930.0;15;3;13;33;168927;Y;Y;0
0;1;0;ММБ; Хабаровск;Партнер;0;1004.0;29;5;4;33;0;N;Y;0
0;1;0;ММБ; Оренбург;Партнер;0;1070.0;2;8;2;36;0;N;Y;0
0;1;0;ММБ;Другое;unknown;1;1082.0;14;8;11;60;0;N;Y;0
0;1;0;ММБ; Барнаул;Онлайн;0;808.0;14;8;10;36;0;N;Y;0
0;1;0;ММБ;" Москва Тер-рия ""Юг""";Онлайн;0;1168.0;15;11;6;40;0;N;Y;0
0;1;0;ММБ; Новосибирск;unknown;0;920.0;15;3;10;57;0;N;Y;0
0;1;0;ММБ; Пермь;Онлайн;0;1166.0;15;11;9;43;0;N;Y;0
0;1;0;ММБ; Екатеринбург;unknown;0;1082.0;23;8;3;35;0;N;Y;0
0;1;0;ММБ; Красноярск;unknown;0;1190.0;13;12;23;34;0;N;Y;0
0;1;0;ММБ; Всеволожск;Отделение;0;934.0;29;3;6;40;0;N;Y;0
0;1;0;ММБ;" Москва Тер-рия ""Север""";unknown;0;1023.0;26;6;5;36;0;N;Y;0
0;0;0;ММБ; Екатеринбург;Онлайн;0;898.0;3;3;10;34;0;N;Y;0
0;1;0;ММБ;" Санкт-Петербург Тер-рия ""Юг""";Отделение;0;1136.0;11;10;10;32;0;N;Y;0
0;1;1;ММБ; Троицк МО;Онлайн;0;915.0;15;3;140;51;0;N;Y;0
0;1;0;ММБ;" Москва Тер-рия ""Север""";unknown;0;1088.0;11;9;5;44;0;N;Y;0
0;0;1;ММБ;" Санкт-Петербург Тер-рия ""Юг""";unknown;0;894.0;3;3;220;38;0;N;Y;0
0;1;0;ММБ; Новосибирск;Партнер;0;1022.0;12;7;16;33;0;N;Y;0
0;1;0;ММБ; Калуга;unknown;0;861.0;1;2;3;33;0;N;Y;0
0;1;1;ММБ; Новосибирск;Онлайн;0;1062.0;23;8;182;37;0;N;Y;0
0;1;0;ММБ; Мурманск;unknown;0;1051.0;14;8;1;45;0;N;Y;0
0;1;0;ММБ;" Москва Тер-рия ""Север""";Онлайн;0;1053.0;23;8;32;62;0;N;Y;0
0;0;0;ММБ;" Санкт-Петербург Тер-рия ""Север""";Отделение;0;870.0;11;4;6;50;0;N;Y;0
0;1;0;ММБ; Краснодар;Онлайн;0;946.0;26;6;4;49;0;N;Y;0
0;0;0;ММБ; Краснодар;Партнер;0;991.0;14;8;6;38;0;N;Y;0
0;1;0;ММБ; Уфа;Онлайн;0;1113.0;13;12;15;53;0;N;Y;0
0;1;0;ММБ; Орск;Онлайн;0;1098.0;29;11;10;41;0;N;Y;0
0;1;0;ММБ; Владивосток;unknown;0;865.0;11;4;6;34;0;N;Y;0
0;1;0;ММБ; Краснодар;Онлайн;0;873.0;25;4;6;46;0;N;Y;0
1;1;0;ММБ; Санкт-Петербург;Онлайн;0;941.0;26;6;1;51;0;N;Y;0
0;1;0;ММБ;" Москва Тер-рия ""Юг""";Отделение;0;819.0;3;3;11;28;0;N;Y;0
0;1;0;ММБ; Калининград;unknown;0;983.0;14;8;8;47;0;N;Y;0
0;1;1;ММБ; Новосибирск;Онлайн;0;941.0;15;5;126;39;0;N;Y;0
0;1;1;ММБ; Пермь;Отделение;0;907.0;11;4;174;41;0;N;Y;0
0;1;0;ММБ; Домодедово;Отделение;0;948.0;22;5;2;46;0;N;Y;0
0;1;0;ММБ; Санкт-Петербург;unknown;0;981.0;26;6;10;43;0;N;Y;0
1;1;1;ММБ; Оренбург;Партнер;0;912.0;18;4;104;34;0;N;Y;0
0;1;0;ММБ; Тюмень;unknown;0;1032.0;23;8;13;44;0;N;Y;0
0;1;0;ММБ; Екатеринбург;Онлайн;0;755.0;25;4;6;43;0;N;Y;0
0;1;1;ММБ; Санкт-Петербург;Партнер;0;1097.0;30;10;342;34;0;N;Y;0
0;1;0;ММБ; Оренбург;unknown;0;895.0;11;4;8;51;0;N;Y;0
0;1;0;ММБ; Тольятти;Партнер;0;895.0;11;4;2;44;0;N;Y;0
0;1;0;ММБ;" Москва Тер-рия ""Восток""";Онлайн;0;1025.0;23;8;21;40;0;N;Y;0
0;1;0;ММБ; Новосибирск;Партнер;0;1053.0;20;9;10;40;0;N;Y;0
0;1;0;ММБ;" Москва Тер-рия ""Запад""";Партнер;0;1012.0;14;8;6;34;0;N;Y;0
0;1;0;ММБ;Другое;Онлайн;0;892.0;18;4;3;34;0;N;Y;0
0;1;0;ММБ;" Москва Тер-рия ""Юг""";unknown;0;1074.0;18;10;14;23;0;N;Y;0
0;1;0;ММБ;" Москва Тер-рия ""Юг""";Онлайн;0;1001.0;16;8;7;44;0;N;Y;0
0;1;0;ММБ;" Москва Тер-рия ""Север""";Онлайн;0;809.0;15;3;6;39;0;N;Y;0
1;1;0;ММБ; Набережные Челны;unknown;0;999.0;14;8;8;32;0;N;Y;0
0;1;0;ММБ;" Москва Тер-рия ""Запад""";unknown;0;1007.0;23;8;7;52;0;N;Y;0
0;1;0;ММБ; Оренбург;Онлайн;0;846.0;15;3;3;41;0;N;Y;0
0;0;0;ММБ; Калининград;Выездной канал;0;997.0;14;8;3;47;0;N;Y;0
0;1;0;ММБ; Калуга;unknown;0;206.0;18;7;11;32;0;N;Y;0
0;1;0;ММБ; Екатеринбург;unknown;0;850.0;21;3;1;121;0;N;Y;0
0;0;0;ММБ;" Москва Тер-рия ""Юг""";Партнер;0;1060.0;18;10;11;43;0;N;Y;0
0;1;0;ММБ; Нижний Новгород;Онлайн;0;995.0;14;8;7;46;0;N;Y;0
0;1;0;ММБ; Калининград;unknown;0;277.0;11;4;19;39;0;N;Y;0
0;1;1;ММБ; Челябинск;unknown;0;316.0;22;5;130;35;0;N;Y;0
0;1;0;ММБ; Санкт-Петербург;Онлайн;0;227.0;21;2;1;53;0;N;Y;0
0;1;0;ММБ; Одинцово;Партнер;0;321.0;29;5;4;36;0;N;Y;0
0;1;0;ММБ; Мурманск;unknown;0;398.0;14;8;10;53;0;N;Y;0
0;0;0;ММБ; Санкт-Петербург;unknown;0;;14;8;1;61;0;N;Y;0
0;1;0;ММБ;" Москва Тер-рия ""Север""";Партнер;0;362.0;18;7;4;27;1993792.45;Y;N;0
1;1;0;ММБ; Оренбург;Партнер;0;265.0;11;4;1;55;0;N;Y;0
0;1;0;ММБ; Нижний Новгород;unknown;0;389.0;14;8;11;41;0;N;Y;0
0;0;0;ММБ; Нижний Новгород;unknown;0;;14;8;1;30;0;N;Y;0
0;1;1;ММБ; Гатчина;Онлайн;0;306.0;31;3;246;38;0;N;Y;0
0;0;0;ММБ;" Москва Тер-рия ""Север""";unknown;0;442.0;14;8;2;37;0;N;Y;0
1;0;0;ММБ; Тула;unknown;0;439.0;14;8;1;45;0;N;Y;0
0;1;0;ММБ; Нижний Новгород;unknown;0;257.0;13;2;2;60;0;N;Y;0
1;1;0;ММБ;" Москва Тер-рия ""Юг""";unknown;0;-578.0;14;8;1;28;0;N;Y;0
0;1;0;ММБ; Тула;Партнер;0;439.0;14;8;2;43;0;N;Y;0
0;1;0;ММБ; Санкт-Петербург;unknown;0;314.0;11;4;6;50;0;N;Y;0
1;0;1;ММБ; Санкт-Петербург;Партнер;0;418.0;14;8;7;31;0;N;Y;0
0;1;0;ММБ; Мурманск;unknown;0;372.0;12;6;3;30;0;N;Y;0
0;1;0;ММБ; Сочи;unknown;0;348.0;15;5;5;40;0;N;Y;0
0;1;0;ММБ;" Москва Тер-рия ""Север""";unknown;0;279.0;15;3;3;53;0;N;Y;0
0;1;0;ММБ;Другое;unknown;0;468.0;20;9;2;31;0;N;Y;0
0;1;0;ММБ;" Москва Тер-рия ""Север""";unknown;0;340.0;15;5;10;41;0;N;Y;0
0;1;0;ММБ; Пенза;unknown;0;346.0;22;5;1;54;0;N;Y;0
0;1;0;ММБ;" Москва Тер-рия ""Восток""";unknown;0;500.0;23;10;3;51;0;N;Y;0
0;1;0;ММБ; Краснодар;Онлайн;0;327.0;22;5;3;33;0;N;Y;0
0;1;0;ММБ; Ангарск;unknown;0;439.0;14;8;4;52;0;N;Y;0
0;1;0;ММБ;" Москва Тер-рия ""Север""";unknown;0;423.0;23;8;3;53;0;N;Y;0
0;0;0;ММБ; Мурманск;unknown;0;429.0;14;8;11;40;0;N;Y;0
0;1;0;ММБ; Иркутск;Онлайн;0;499.0;18;12;16;33;0;N;Y;0
0;1;0;ММБ; Барнаул;unknown;0;324.0;21;4;238;36;0;N;Y;0
0;1;0;ММБ; Барнаул;Онлайн;0;439.0;30;8;24;57;0;N;Y;0
0;1;0;ММБ; Краснодар;unknown;0;248.0;21;2;14;58;0;N;Y;0
0;1;0;ММБ; Якутск;unknown;0;390.0;18;7;10;28;0;N;Y;0
0;1;0;ММБ; Липецк;Партнер;0;439.0;14;8;12;28;0;N;Y;0
1;0;0;ММБ; Саратов;Онлайн;0;425.0;21;8;4;40;0;N;Y;0
0;1;0;ММБ; Екатеринбург;Партнер;0;415.0;14;8;13;42;0;N;Y;0
0;1;0;ММБ; Нижний Новгород;unknown;0;326.0;15;5;6;37;0;N;Y;0
0;1;0;ММБ; Сочи;Партнер;0;332.0;22;5;1;30;0;N;Y;0
0;1;0;ММБ; Нижний Новгород;unknown;0;327.0;22;5;14;56;0;N;Y;0
0;1;0;ММБ; Санкт-Петербург;unknown;0;416.0;16;8;2;28;0;N;Y;0
0;1;0;ММБ;" Санкт-Петербург Тер-рия ""Юг""";unknown;0;290.0;11;4;16;57;0;N;Y;0
0;1;0;ММБ; Омск;unknown;0;-548.0;14;8;1;38;0;N;Y;0
0;1;0;ММБ; Краснодар;unknown;0;277.0;11;4;15;42;0;N;Y;0
0;0;0;ММБ; Казань;Партнер;0;377.0;12;7;254;49;0;N;Y;0
1;1;0;ММБ; Магнитогорск;unknown;0;361.0;26;6;6;35;0;N;Y;0
1;1;0;ММБ; Всеволожск;unknown;0;325.0;22;5;9;60;0;N;Y;0
0;0;0;ММБ;" Москва Тер-рия ""Юг""";Партнер;0;398.0;2;8;1;48;0;N;Y;0
0;1;0;ММБ;" Санкт-Петербург Тер-рия ""Юг""";unknown;0;285.0;11;4;1;56;0;N;Y;0
0;0;0;ММБ; Белгород;unknown;0;;22;5;1;45;75519.28;Y;N;0
0;1;0;ММБ; Хабаровск;Партнер;0;351.0;23;6;3;24;0;N;Y;0
0;0;0;ММБ; Самара;unknown;0;279.0;11;4;7;33;0;N;Y;0
0;1;0;ММБ; Набережные Челны;Партнер;0;353.0;14;8;2;33;0;N;Y;0
0;1;0;ММБ; Краснодар;unknown;0;170.0;11;4;3;34;0;N;Y;0
1;1;0;ММБ;" Москва Тер-рия ""Север""";unknown;0;263.0;21;8;93;30;0;N;Y;0
0;1;0;ММБ; Санкт-Петербург;Партнер;0;214.0;11;4;6;33;0;N;Y;0
0;1;0;ММБ;" Москва Тер-рия ""Запад""";unknown;0;354.0;21;8;11;43;0;N;Y;0
0;0;0;ММБ; Якутск;unknown;0;;15;11;1;41;0;N;Y;0
0;1;0;ММБ; Томск;unknown;0;348.0;14;8;19;30;0;N;Y;0
0;1;1;ММБ; Краснодар;unknown;0;195.0;15;3;210;52;0;N;Y;0
0;1;0;ММБ; Липецк;unknown;0;412.0;18;10;6;36;0;N;Y;0
0;1;0;ММБ; Уфа;unknown;0;263.0;22;5;79;34;0;N;Y;0
0;1;0;ММБ;" Москва Тер-рия ""Север""";unknown;0;417.0;23;10;2;53;0;N;Y;0
0;1;0;ММБ; Омск;unknown;0;341.0;14;8;2;23;0;N;Y;0
0;1;0;ММБ; Пермь;unknown;0;171.0;21;2;7;36;0;N;Y;0
0;1;0;ММБ; Тула;unknown;0;344.0;14;8;2;55;0;N;Y;0
0;1;0;ММБ;" Москва Тер-рия ""Север""";unknown;0;348.0;21;8;2;49;0;N;Y;0
0;1;0;ММБ; Самара;unknown;0;131.0;23;1;13;46;0;N;Y;0
0;1;0;ММБ; Уфа;unknown;0;347.0;14;8;2;27;0;N;Y;0
0;1;0;ММБ; Химки;unknown;0;262.0;11;4;3;50;0;N;Y;0
1;1;1;ММБ; Ростов-на-Дону;Онлайн;0;302.0;22;5;24;41;0;N;Y;0
0;1;0;ММБ;" Москва Тер-рия ""Юг""";unknown;0;261.0;11;4;2;51;0;N;Y;0
0;1;0;ММБ; Ростов-на-Дону;unknown;0;386.0;14;8;9;51;0;N;Y;0
0;1;0;ММБ; Пермь;unknown;0;380.0;14;8;10;36;0;N;Y;0
1;0;0;ММБ;" Москва Тер-рия ""Восток""";unknown;0;389.0;21;8;4;48;0;N;Y;265000
1;0;0;ММБ; Тюмень;unknown;1;411.0;11;9;3;43;0;N;Y;0
0;0;0;ММБ; Санкт-Петербург;unknown;0;367.0;14;8;1;43;0;N;Y;0
0;0;0;ММБ; Екатеринбург;unknown;0;343.0;6;7;9;56;0;N;Y;0
0;1;1;ММБ; Тюмень;unknown;0;380.0;14;8;84;35;0;N;Y;0
0;0;0;ММБ;Другое;unknown;0;;14;8;1;35;0;N;Y;0
0;1;0;ММБ; Екатеринбург;unknown;0;380.0;14;8;9;46;0;N;Y;0
0;1;0;ММБ; Екатеринбург;unknown;0;379.0;14;8;4;35;0;N;Y;0
0;0;1;ММБ; Набережные Челны;unknown;0;379.0;14;8;228;53;0;N;Y;0
0;0;1;ММБ; Пермь;unknown;0;378.0;14;8;120;37;0;N;Y;0
0;1;0;ММБ; Омск;unknown;0;385.0;21;8;12;51;0;N;Y;0
0;1;0;ММБ;" Москва Тер-рия ""Север""";unknown;0;378.0;14;8;2;31;0;N;Y;0
0;0;1;ММБ; Сочи;unknown;0;439.0;18;10;105;42;0;N;Y;0
1;0;0;ММБ;" Санкт-Петербург Тер-рия ""Север""";Партнер;0;283.0;15;5;8;35;0;N;Y;0
0;1;0;ММБ; Саратов;unknown;0;248.0;11;4;11;42;0;N;Y;0
0;1;0;ММБ; Омск;unknown;0;394.0;11;9;7;40;0;N;Y;0
0;1;0;ММБ; Тюмень;unknown;0;378.0;14;8;5;40;0;N;Y;0
0;1;1;ММБ; Одинцово;unknown;0;287.0;15;5;201;62;0;N;Y;0
1;0;0;ММБ;" Москва Тер-рия ""Север""";unknown;0;359.0;14;8;2;53;0;N;Y;0
0;1;0;ММБ; Челябинск;unknown;0;361.0;14;8;7;32;0;N;Y;0
0;1;0;ММБ; Краснодар;Онлайн;0;359.0;14;8;5;55;0;N;Y;0
0;0;0;ММБ; Санкт-Петербург;Онлайн;0;347.0;2;8;4;54;0;N;Y;0
0;1;0;ММБ; Тула;Онлайн;0;355.0;14;8;4;34;0;N;Y;0
0;1;0;ММБ; Владивосток;unknown;0;171.0;14;8;3;37;0;N;Y;0
0;1;0;ММБ; Липецк;Партнер;0;118.0;15;3;4;45;0;N;Y;0
0;1;0;ММБ; Оренбург;unknown;0;355.0;14;8;2;42;0;N;Y;0
0;1;0;ММБ;" Москва Тер-рия ""Восток""";unknown;0;230.0;11;4;24;28;0;N;Y;0
0;1;0;ММБ; Самара;unknown;0;354.0;14;8;5;30;0;N;Y;0
0;1;0;ММБ; Красноярск;unknown;0;355.0;14;8;4;52;0;N;Y;0
0;1;0;ММБ; Зеленоград;unknown;0;135.0;13;2;9;56;0;N;Y;0
0;1;0;ММБ;Другое;unknown;0;420.0;18;12;3;39;0;N;Y;0
0;1;0;ММБ; Чебоксары;unknown;0;207.0;15;5;10;23;0;N;Y;0
0;1;0;ММБ; Ростов-на-Дону;unknown;0;213.0;22;5;6;25;0;N;Y;0
0;1;0;ММБ; Тула;Онлайн;0;254.0;3;7;2;33;0;N;Y;0
0;1;0;ММБ; Химки;unknown;0;361.0;18;10;2;47;0;N;Y;0
0;1;1;ММБ; Липецк;unknown;0;333.0;30;8;235;41;0;N;Y;0
0;0;0;ММБ; Санкт-Петербург;Онлайн;0;295.0;14;8;1;33;0;N;Y;0
0;1;0;ММБ; Краснодар;unknown;0;139.0;15;3;4;41;0;N;Y;0
0;1;0;ММБ; Сочи;unknown;0;299.0;21;8;8;55;0;N;Y;0
1;0;0;ММБ; Ростов-на-дону;Партнер;0;219.0;5;6;5;31;700618.28;Y;N;0
1;0;0;ММБ; Воронеж;unknown;0;195.0;15;3;1;46;0;N;Y;0
0;0;0;ММБ;" Москва Тер-рия ""Юг""";Онлайн;0;165.0;13;2;1;35;0;N;Y;0
0;0;0;ММБ;" Москва Тер-рия ""Запад""";unknown;0;273.0;12;7;6;38;0;N;Y;0
0;1;0;ММБ; Калининград;Партнер;0;206.0;11;4;3;48;0;N;Y;0
0;0;0;ММБ; Оренбург;unknown;0;347.0;14;8;4;43;0;N;Y;0
0;1;0;ММБ; Новосибирск;unknown;0;170.0;6;3;5;63;3229166.65;Y;Y;0
0;1;0;ММБ; Краснодар;unknown;0;320.0;23;8;139;37;0;N;Y;0
0;1;1;ММБ; Архангельск;unknown;0;206.0;11;4;105;37;0;N;Y;0
0;1;0;ММБ; Ростов-на-Дону;Партнер;0;290.0;18;7;4;26;0;N;Y;0
0;1;0;ММБ; Ставрополь;unknown;0;153.0;21;2;2;50;0;N;Y;0
0;0;0;ММБ; Самара;unknown;0;324.0;14;8;13;57;0;N;Y;0
0;1;0;ММБ; Самара;Партнер;0;324.0;14;8;4;48;0;N;Y;0
0;1;0;ММБ; Омск;unknown;0;390.0;23;10;13;50;0;N;Y;0
0;1;0;ММБ; Калининград;unknown;0;323.0;14;8;2;50;0;N;Y;0
1;0;1;ММБ; Тюмень;Онлайн;0;318.0;14;8;225;38;0;N;Y;0
0;1;0;ММБ; Тверь;unknown;0;320.0;14;8;2;48;0;N;Y;0
0;1;0;ММБ; Калуга;unknown;0;286.0;12;7;9;32;0;N;Y;0
0;1;0;ММБ; Краснодар;unknown;0;304.0;21;8;6;27;0;N;Y;0
0;1;0;ММБ; Калининград;unknown;0;410.0;15;11;3;25;0;N;Y;0
0;1;0;ММБ; Новороссийск;unknown;0;206.0;23;8;9;60;0;N;Y;0
0;1;0;ММБ;" Москва Тер-рия ""Юг""";unknown;0;329.0;30;8;7;47;0;N;Y;0
0;1;0;ММБ; Якутск;unknown;0;284.0;12;7;9;44;0;N;Y;0
0;1;0;ММБ; Уфа;unknown;0;192.0;11;4;16;43;0;N;Y;0
0;1;0;ММБ;" Москва Тер-рия ""Юг""";unknown;0;317.0;14;8;4;51;0;N;Y;0
0;1;0;ММБ; Зеленоград;unknown;0;434.0;13;12;2;42;0;N;Y;0
0;1;0;ММБ; Екатеринбург;unknown;0;312.0;14;8;3;31;0;N;Y;0
1;1;0;ММБ; Рязань;unknown;0;135.0;13;2;4;41;0;N;Y;0
1;1;0;ММБ; Домодедово;Партнер;0;311.0;14;8;1;30;0;N;Y;0
0;0;0;ММБ; Краснодар;unknown;0;;20;9;1;43;0;N;Y;0
1;0;0;ММБ; Санкт-Петербург;Онлайн;0;208.0;22;5;6;28;0;N;Y;0
0;0;0;ММБ; Краснодар;unknown;0;424.0;29;11;5;43;0;N;Y;0
0;1;0;ММБ; Липецк;unknown;0;312.0;21;8;1;43;0;N;Y;0
0;1;0;ММБ; Уфа;unknown;0;174.0;11;4;18;33;0;N;Y;0
0;0;0;ММБ; Ростов-на-Дону;Онлайн;0;414.0;19;11;2;34;0;N;Y;0
0;1;0;ММБ;Другое;Онлайн;0;278.0;6;7;3;45;0;N;Y;0
1;1;0;ММБ; Сочи;unknown;0;370.0;6;12;3;39;0;N;Y;0
0;1;0;ММБ; Белгород;unknown;0;256.0;14;8;10;34;0;N;Y;0
0;1;0;ММБ; Самара;unknown;0;254.0;14;8;4;35;0;N;Y;0
0;1;0;ММБ;" Москва Тер-рия ""Север""";Онлайн;0;128.0;11;4;2;26;0;N;Y;0
0;1;0;ММБ; Самара;unknown;0;169.0;22;5;1;30;0;N;Y;0
0;1;0;ММБ; Казань;unknown;0;131.0;11;4;10;45;0;N;Y;0
0;0;0;ММБ; Владивосток;unknown;0;244.0;2;8;2;37;0;N;Y;0
0;1;0;ММБ; Якутск;unknown;0;256.0;14;8;5;30;0;N;Y;0
0;0;0;ММБ; Краснодар;unknown;0;256.0;14;8;8;51;0;N;Y;0
1;1;0;ММБ; Хабаровск;unknown;0;263.0;21;8;4;50;0;N;Y;0
1;1;0;ММБ; Омск;unknown;0;265.0;23;8;2;23;0;N;Y;0
0;0;1;ММБ; Краснодар;unknown;0;131.0;11;4;120;36;0;N;Y;0
1;1;0;ММБ; Липецк;Партнер;0;382.0;18;12;4;59;0;N;Y;0
0;1;0;ММБ; Барнаул;Партнер;0;256.0;14;8;5;29;0;N;Y;0
1;0;0;ММБ; Красноярск;Партнер;0;289.0;14;8;8;47;0;N;Y;0
0;0;0;ММБ; Воронеж;unknown;0;297.0;23;8;5;34;0;N;Y;0
0;1;0;ММБ;Другое;unknown;0;255.0;12;7;2;47;0;N;Y;0
0;1;0;ММБ; Екатеринбург;unknown;0;282.0;14;8;4;28;0;N;Y;0
0;1;0;ММБ; Якутск;Выездной канал;0;286.0;14;8;5;48;0;N;Y;0
0;1;0;ММБ; Самара;unknown;0;295.0;23;8;3;31;0;N;Y;0
0;1;0;ММБ;Другое;unknown;0;150.0;31;3;9;63;0;N;Y;0
0;0;0;ММБ; Нижний Новгород;unknown;0;249.0;12;7;4;46;0;N;Y;0
0;1;0;ММБ; Краснодар;unknown;0;286.0;14;8;2;26;0;N;Y;0
0;1;0;ММБ; Набережные Челны;unknown;0;286.0;14;8;13;48;0;N;N;0
0;1;0;ММБ; Барнаул;Онлайн;0;286.0;14;8;4;36;0;N;Y;0
0;0;0;ММБ; Новосибирск;unknown;0;153.0;11;4;2;26;0;N;Y;0
0;0;0;ММБ; Сочи;unknown;0;;14;8;1;38;0;N;Y;0
0;0;0;ММБ; Краснодар;unknown;0;;5;6;1;40;0;N;Y;0
0;1;0;ММБ; Екатеринбург;unknown;0;206.0;5;6;9;62;0;N;Y;0
0;0;0;ММБ; Воронеж;unknown;0;;12;7;1;41;0;N;Y;0
0;1;0;ММБ; Екатеринбург;unknown;0;282.0;21;8;8;32;0;N;Y;0
0;1;0;ММБ;" Санкт-Петербург Тер-рия ""Север""";unknown;0;374.0;22;11;4;35;0;N;Y;0
0;0;0;ММБ; Ростов-на-Дону;unknown;0;271.0;14;8;6;33;680277.75;Y;Y;0
0;1;0;ММБ;" Санкт-Петербург Тер-рия ""Север""";Онлайн;0;264.0;14;8;2;30;0;N;Y;0
1;1;0;ММБ; Пермь;unknown;0;295.0;23;8;2;47;0;N;Y;0
0;1;0;ММБ;Другое;Партнер;0;286.0;14;8;5;57;0;N;Y;0
0;1;0;ММБ; Нижний Новгород;unknown;0;264.0;14;8;7;40;0;N;Y;0
0;1;0;ММБ; Липецк;unknown;0;202.0;22;5;13;46;0;N;Y;0
0;1;0;ММБ;Другое;Партнер;0;263.0;14;8;11;36;0;N;Y;0
1;1;0;ММБ; Краснодар;unknown;0;271.0;23;8;9;52;0;N;Y;0
0;1;0;ММБ; Томск;unknown;0;263.0;14;8;5;46;0;N;Y;0
0;0;0;ММБ; Челябинск;Онлайн;0;262.0;14;8;7;58;0;N;Y;0
0;1;0;ММБ; Краснодар;unknown;0;178.0;22;5;12;51;0;N;Y;0
0;1;0;ММБ; Ангарск;unknown;0;261.0;14;8;11;51;0;N;Y;0
0;0;0;ММБ; Саратов;unknown;0;;14;8;2;56;0;N;Y;0
0;1;0;ММБ; Краснодар;unknown;0;172.0;22;5;2;61;0;N;Y;0
0;1;0;ММБ; Челябинск;unknown;0;266.0;18;10;10;24;0;N;Y;0
0;1;0;ММБ;" Москва Тер-рия ""Север""";unknown;0;160.0;12;7;6;32;0;N;Y;0
0;0;0;ММБ; Волгоград;unknown;0;200.0;14;8;3;31;0;N;Y;0
0;0;0;ММБ; Самара;Партнер;0;198.0;14;8;5;26;0;N;Y;0
0;1;1;ММБ; Челябинск;unknown;0;170.0;18;7;110;34;0;N;Y;0
0;1;0;ММБ; Тула;unknown;0;163.0;12;7;8;41;0;N;Y;0
0;1;0;ММБ;Другое;unknown;0;194.0;14;8;9;33;0;N;Y;0
0;1;0;ММБ; Липецк;unknown;0;164.0;12;7;3;46;0;N;Y;0
0;0;0;ММБ; Люберцы;unknown;0;;22;5;1;56;0;N;Y;0
0;1;0;ММБ; Тверь;Партнер;0;230.0;20;9;5;56;0;N;Y;0
0;1;1;ММБ; Ростов-на-Дону;unknown;0;191.0;14;8;110;44;0;N;Y;0
0;1;0;ММБ; Сочи;unknown;0;265.0;23;8;4;52;0;N;Y;500000
0;1;0;ММБ; Ростов-на-Дону;unknown;0;256.0;14;8;12;33;0;N;Y;0
0;1;0;ММБ; Оренбург;unknown;0;242.0;14;8;3;29;0;N;N;0
0;0;0;ММБ; Санкт-Петербург;unknown;0;;15;5;1;53;0;N;Y;0
0;1;0;ММБ; Иркутск;unknown;0;242.0;14;8;2;31;0;N;Y;0
0;1;1;ММБ; Нижний Новгород;Онлайн;0;243.0;21;8;68;43;0;N;Y;0
1;0;0;ММБ; Ростов-на-дону;Партнер;0;248.0;23;8;3;59;0;N;Y;0
0;1;0;ММБ; Набережные Челны;unknown;0;333.0;15;11;1;23;0;N;Y;0
0;1;0;ММБ; Ростов-на-Дону;unknown;0;245.0;23;8;3;51;0;N;Y;0
0;0;0;ММБ; Ижевск;unknown;0;;14;8;1;28;0;N;Y;0
1;1;0;ММБ; Новосибирск;unknown;0;235.0;14;8;2;33;0;N;Y;0
0;1;0;ММБ; Тверь;unknown;0;172.0;22;5;6;34;0;N;Y;0
1;1;0;ММБ; Домодедово;Партнер;0;272.0;30;8;1;37;0;N;Y;0
1;1;0;ММБ; Новосибирск;unknown;0;234.0;14;8;2;35;0;N;Y;0
0;1;0;ММБ; Томск;unknown;0;234.0;14;8;6;54;0;N;Y;0
1;0;0;ММБ; Пермь;unknown;0;329.0;22;11;4;40;0;N;Y;0
0;0;0;ММБ; Тольятти;unknown;0;232.0;14;8;1;37;0;N;Y;0
0;1;0;ММБ; Ижевск;unknown;0;233.0;14;8;11;56;0;N;Y;0
0;0;0;ММБ; Магнитогорск;unknown;0;327.0;22;11;4;42;0;N;Y;0
0;1;0;ММБ; Ижевск;unknown;0;241.0;23;8;5;59;0;N;Y;0
0;1;0;ММБ; Екатеринбург;unknown;0;254.0;9;9;12;53;0;N;Y;0
0;1;0;ММБ; Казань;unknown;0;265.0;20;9;1;49;0;N;Y;0
0;1;0;ММБ; Калуга;unknown;0;136.0;15;5;8;53;0;N;Y;0
0;1;0;ММБ; Пенза;unknown;0;322.0;29;11;61;22;0;N;Y;0
0;1;0;ММБ; Новосибирск;Партнер;0;225.0;14;8;5;37;0;N;Y;0
0;1;0;ММБ;" Москва Тер-рия ""Восток""";unknown;0;225.0;14;8;7;41;0;N;Y;0
0;0;0;ММБ;" Москва Тер-рия ""Юг""";unknown;0;262.0;20;9;1;47;0;N;Y;0
0;0;1;ММБ; Ростов-на-Дону;unknown;0;134.0;15;5;48;42;0;N;Y;0
1;0;0;ММБ;" Москва Тер-рия ""Север""";Онлайн;0;123.0;15;5;3;37;0;N;Y;0
0;1;0;ММБ;Другое;unknown;0;314.0;22;11;9;32;0;N;Y;0
0;1;0;ММБ; Казань;unknown;0;198.0;18;7;3;48;0;N;Y;0
0;1;0;ММБ; Краснодар;unknown;0;141.0;22;5;12;32;0;N;Y;0
1;1;0;ММБ; Самара;unknown;0;225.0;14;8;8;43;0;N;Y;0
1;1;0;ММБ;" Москва Тер-рия ""Юг""";unknown;0;225.0;14;8;4;45;0;N;Y;0
1;1;0;ММБ; Оренбург;unknown;0;215.0;21;8;3;50;0;N;Y;0
0;1;0;ММБ; Екатеринбург;unknown;0;346.0;13;12;29;51;0;N;Y;0
0;0;1;ММБ; Санкт-Петербург;Партнер;0;216.0;23;8;60;31;0;N;Y;0
1;0;0;ММБ; Ростов-на-Дону;Партнер;0;205.0;14;8;3;59;0;N;Y;0
0;1;0;ММБ;Другое;unknown;0;205.0;14;8;4;52;0;N;Y;0
0;0;0;ММБ;" Москва Тер-рия ""Восток""";unknown;0;123.0;2;8;1;49;0;N;Y;0
0;1;0;ММБ; Барнаул;unknown;0;194.0;11;9;4;50;0;N;Y;0
0;1;0;ММБ; Барнаул;unknown;0;140.0;2;8;8;36;0;N;Y;0
0;1;0;ММБ; Барнаул;unknown;0;182.0;30;8;5;49;0;N;Y;0
0;1;0;ММБ; Барнаул;unknown;0;252.0;22;11;12;32;0;N;Y;0
0;1;0;ММБ; Барнаул;unknown;0;139.0;18;7;9;51;0;N;Y;0
0;1;0;ММБ; Иркутск;unknown;0;140.0;2;8;5;50;0;N;Y;0
0;1;0;ММБ; Екатеринбург;unknown;0;222.0;20;9;11;40;0;N;Y;0
0;1;0;ММБ; Краснодар;unknown;0;142.0;23;6;1;50;0;N;Y;0
0;1;0;ММБ;" Санкт-Петербург Тер-рия ""Юг""";unknown;0;190.0;14;8;4;35;0;N;Y;0
0;0;0;ММБ; Ростов-на-Дону;unknown;0;;20;9;2;35;0;N;Y;0
0;1;0;ММБ; Саранск;unknown;0;194.0;14;8;3;61;0;N;Y;0
0;1;0;ММБ; Ижевск;unknown;0;184.0;14;8;4;49;0;N;Y;0
0;1;0;ММБ; Тюмень;unknown;0;194.0;14;8;20;37;0;N;Y;0
0;1;0;ММБ; Краснодар;unknown;0;194.0;14;8;2;61;0;N;Y;0
0;1;0;ММБ;Другое;unknown;0;192.0;23;8;3;37;0;N;Y;0
0;1;0;ММБ;" Москва Тер-рия ""Восток""";unknown;0;183.0;14;8;12;28;0;N;Y;0
0;1;0;ММБ; Екатеринбург;unknown;0;188.0;23;8;4;46;0;N;Y;0
0;0;1;ММБ; Саранск;unknown;0;180.0;14;8;202;45;0;N;N;0
0;1;1;ММБ;" Москва Тер-рия ""Север""";unknown;0;182.0;2;8;30;41;0;N;Y;0
0;1;0;ММБ; Кемерово;unknown;0;177.0;14;8;6;36;0;N;Y;0
1;0;0;ММБ; Красноярск;Партнер;0;163.0;2;8;5;29;0;N;Y;0
0;1;0;ММБ; Казань;unknown;0;132.0;6;7;7;46;0;N;Y;0
0;1;0;ММБ; Владивосток;unknown;0;158.0;2;8;2;36;0;N;Y;0
0;1;0;ММБ; Красноярск;unknown;0;236.0;23;10;12;27;0;N;Y;0
0;1;0;ММБ; Рязань;unknown;0;108.0;14;8;11;49;0;N;Y;0
1;1;0;ММБ;" Москва Тер-рия ""Запад""";unknown;0;142.0;20;9;3;26;0;N;Y;0
0;1;0;ММБ;" Москва Тер-рия ""Запад""";unknown;0;267.0;18;12;4;37;0;N;Y;0
0;1;0;ММБ; Калининград;unknown;0;141.0;14;8;6;50;0;N;Y;0
0;1;0;ММБ; Сочи;unknown;0;237.0;22;11;9;39;0;N;Y;0
1;1;0;ММБ; Нижний Новгород;unknown;0;200.0;18;10;3;25;0;N;Y;0
1;1;0;ММБ;Другое;unknown;0;232.0;19;11;4;29;0;N;Y;0
0;1;0;ММБ;" Москва Тер-рия ""Восток""";Онлайн;0;205.0;22;11;3;28;0;N;Y;0
0;0;0;ММБ; Сочи;unknown;0;195.0;13;12;3;31;0;N;Y;0
0;0;0;ММБ; Красноярск;unknown;0;181.0;29;11;2;46;0;N;Y;0
0;0;0;ММБ; Набережные Челны;unknown;0;;22;11;1;40;0;N;Y;0
0;1;0;ММБ;" Москва Тер-рия ""Север""";Партнер;0;221.0;13;12;6;30;0;N;Y;0
0;1;0;ММБ; Мытищи;unknown;0;188.0;22;11;3;28;0;N;Y;0
0;1;0;ММБ; Красноярск;unknown;0;117.0;20;9;3;40;0;N;Y;300000
0;1;0;ММБ;Другое;unknown;0;175.0;22;11;6;29;0;N;Y;0
0;1;0;ММБ; Тюмень;unknown;0;139.0;18;10;12;25;0;N;Y;0
0;1;0;ММБ; Новосибирск;Партнер;0;137.0;22;11;6;49;0;N;Y;0
0;1;0;ММБ; Иркутск;unknown;0;112.0;13;12;9;37;0;N;Y;0
